ID_NOTICE_CAN,TED_NOTICE_URL,YEAR,ID_TYPE,DT_DISPATCH,XSD_VERSION,CANCELLED,CORRECTIONS,B_MULTIPLE_CAE,CAE_NAME,CAE_NATIONALID,CAE_ADDRESS,CAE_TOWN,CAE_POSTAL_CODE,CAE_GPA_ANNEX,ISO_COUNTRY_CODE,ISO_COUNTRY_CODE_GPA,B_MULTIPLE_COUNTRY,ISO_COUNTRY_CODE_ALL,CAE_TYPE,EU_INST_CODE,MAIN_ACTIVITY,B_ON_BEHALF,B_INVOLVES_JOINT_PROCUREMENT,B_AWARDED_BY_CENTRAL_BODY,TYPE_OF_CONTRACT,TAL_LOCATION_NUTS,B_FRA_AGREEMENT,FRA_ESTIMATED,B_FRA_CONTRACT,B_DYN_PURCH_SYST,CPV,MAIN_CPV_CODE_GPA,ID_LOT,ADDITIONAL_CPVS,B_GPA,GPA_COVERAGE,LOTS_NUMBER,VALUE_EURO,VALUE_EURO_FIN_1,VALUE_EURO_FIN_2,B_EU_FUNDS,TOP_TYPE,B_ACCELERATED,OUT_OF_DIRECTIVES,CRIT_CODE,CRIT_PRICE_WEIGHT,CRIT_CRITERIA,CRIT_WEIGHTS,B_ELECTRONIC_AUCTION,NUMBER_AWARDS,ID_AWARD,ID_LOT_AWARDED,INFO_ON_NON_AWARD,INFO_UNPUBLISHED,B_AWARDED_TO_A_GROUP,WIN_NAME,WIN_NATIONALID,WIN_ADDRESS,WIN_TOWN,WIN_POSTAL_CODE,WIN_COUNTRY_CODE,B_CONTRACTOR_SME,CONTRACT_NUMBER,TITLE,NUMBER_OFFERS,NUMBER_TENDERS_SME,NUMBER_TENDERS_OTHER_EU,NUMBER_TENDERS_NON_EU,NUMBER_OFFERS_ELECTR,AWARD_EST_VALUE_EURO,AWARD_VALUE_EURO,AWARD_VALUE_EURO_FIN_1,B_SUBCONTRACTED,DT_AWARD;;;;
2016479,ted.europa.eu/udl?uri=TED:NOTICE:479-2016:TEXT:EN:HTML,2016,18,30.12.2015,R208.S2,0,0,,Vidaus reikalų ministerija — Ginklų fondas,191769098,Linkmenų g. 26,Vilnius,8217,A1,LT,LT,,,1,,Defence,N,,,U,,Y,,Y,,35300000,35,,,,4,0,390037.94,390037.94,390037.94,N,RES,,0,L,100,,,N,1,7196975,,,N,,Manroy Engineering Ltd.,,Phoenix House; Slade Green Road,Kent DA8,,UK,,1,,1,,,,,,390037.94,390037.94,N,20.11.2015;;;
20168148,ted.europa.eu/udl?uri=TED:NOTICE:8148-2016:TEXT:EN:HTML,2016,18,08.01.2016,R208.S2,0,0,,Vidaus reikalų ministerija — Ginklų fondas,191769098,Linkmenų g. 26,Vilnius,8217,A1,LT,LT,,,1,,Defence,N,,,U,,N,,,,35331000,35,,,,4,1,131900,131900,131900,N,RES,,0,L,100,,,N,1,7212486,1,,N,,EXPAL Systems S.A.,,Avenida del Partenon,Madrid,28042,ES,,1,60 mm šaudmuo,4,,,,,,131900,131900,N,02.12.2015;;;;
201624042,ted.europa.eu/udl?uri=TED:NOTICE:24042-2016:TEXT:EN:HTML,2016,18,19.01.2016,R208.S2,0,0,,Vidaus reikalų ministerija — Ginklų fondas,191769098,Linkmenų g. 26,Vilnius,8217,A1,LT,LT,,,1,,Defence,N,,,U,,Y,,Y,,35331000,35,,,,3,0,7492200,7492200,7492200,N,RES,,0,L,100,,,N,3,7237760,,,N,,Nammo Raufoss AS,,P.O. Box 162; Enggata 38,Raufoss,2830,NO,,1,,4,,,,,,6578000,6578000,N,11.08.2015;;;
201624042,ted.europa.eu/udl?uri=TED:NOTICE:24042-2016:TEXT:EN:HTML,2016,18,19.01.2016,R208.S2,0,0,,Vidaus reikalų ministerija — Ginklų fondas,191769098,Linkmenų g. 26,Vilnius,8217,A1,LT,LT,,,1,,Defence,N,,,U,,Y,,Y,,35331000,35,,,,3,0,7492200,7492200,7492200,N,RES,,0,L,100,,,N,3,7237761,,,N,,Companhia Brasileira de Cartuchos,,Av. Humberto de Campos 3220,Ribeirao Pires,9426900,BR,,2,,4,,,,,,7177400,7177400,N,11.08.2015;;;;
201624042,ted.europa.eu/udl?uri=TED:NOTICE:24042-2016:TEXT:EN:HTML,2016,18,19.01.2016,R208.S2,0,0,,Vidaus reikalų ministerija — Ginklų fondas,191769098,Linkmenų g. 26,Vilnius,8217,A1,LT,LT,,,1,,Defence,N,,,U,,Y,,Y,,35331000,35,,,,3,0,7492200,7492200,7492200,N,RES,,0,L,100,,,N,3,7237762,,,N,,FN Herstal; SA,,Voie de Liège 33,Herstal,4040,BE,,3,,4,,,,,,68800,68800,N,11.08.2015;;;
201625753,ted.europa.eu/udl?uri=TED:NOTICE:25753-2016:TEXT:EN:HTML,2016,18,21.01.2016,R208.S2,0,0,,Vidaus reikalų ministerija — Ginklų fondas,191769098,Linkmenų g. 26,Vilnius,8217,A1,LT,LT,,,1,,Defence,N,,,U,,N,,,,35321100,35,,,,4,1,60768,60768,60768,N,RES,,0,L,100,,,N,1,7240326,1,,N,,Carl Walther GmbH,,Donnerfeld 2,Arnsberg,59757,DE,,1,Rankiniai šaunamieji ginklai,1,,,,,,60768,60768,N,29.06.2015;;;;
201634873,ted.europa.eu/udl?uri=TED:NOTICE:34873-2016:TEXT:EN:HTML,2016,3,29.01.2016,R208.S2,0,0,,Vidaus reikalų ministerija — Policijos departamentas,188785847,Saltoniškių g. 19,Vilnius,8105,A1,LT,LT,,,1,,Public Order and Safety,N,,,U,,N,,,,35120000,35,,48421000---64210000---80500000,Y,3,0,3636363.64,3636363.64,3636363.64,N,OPE,,0,L,100,,,N,1,7253076,,,N,,Uždaroji akcinė bendrovė „Fima“,,Žirmūnų g. 139,Vilnius,9120,LT,,1,,3,,,,,,3636363.64,3636363.64,Y,17.06.2015;;;;
201634986,ted.europa.eu/udl?uri=TED:NOTICE:34986-2016:TEXT:EN:HTML,2016,18,29.01.2016,R208.S2,0,0,,Vidaus reikalų ministerija — Ginklų fondas,191769098,Linkmenų g. 26,Vilnius,8217,A1,LT,LT,,,1,,Defence,N,,,U,,N,,,,35331000,35,,,,3,0,5601200,5601200,5601200,N,NOP,,0,L,100,,,N,1,7253378,,,N,,Hirtenberger Defence Systems GmbH & Co. KG,,Leobersdorfer Straße 31-33,Hirtenberg,2552,AT,,1,,1,,,,,,5601200,5601200,N,17.12.2015;;;;
201690364,ted.europa.eu/udl?uri=TED:NOTICE:90364-2016:TEXT:EN:HTML,2016,3,15.03.2016,R208.S2,0,0,,Krašto apsaugos ministerija — Lietuvos kariuomenė,188732677,Šv. Ignoto g. 8,Vilnius,1144,A1,LT,LT,,,1,,Defence,N,,,U,,Y,,Y,,35811300,35,,18443310---18443300---18443340,Y,4,3,154588.76,154588.76,154588.76,N,OPE,,0,L,100,,,N,3,7323973,5,,N,,UAB „Vikvera“ (Kepurės besnapės),,Jonavos g. 260,Kauno m.,44131,LT,,1,Besnapės kepurės,1,,,,,,23800,23800,N,06.01.2016;;;;
201690364,ted.europa.eu/udl?uri=TED:NOTICE:90364-2016:TEXT:EN:HTML,2016,3,15.03.2016,R208.S2,0,0,,Krašto apsaugos ministerija — Lietuvos kariuomenė,188732677,Šv. Ignoto g. 8,Vilnius,1144,A1,LT,LT,,,1,,Defence,N,,,U,,Y,,Y,,35811300,35,,18443310---18443300---18443340,Y,4,3,154588.76,154588.76,154588.76,N,OPE,,0,L,100,,,N,3,7323974,4,,N,,Uždaroji akcinė bendrovė „Šerkšnė“,,Šv. Gertrūdos g. 39,Kauno m.; 3000 Kauno m. sav.,44283,LT,,2,Pilotės,2,,,,,,21631.74,21631.74,N,19.01.2016;;;
201690364,ted.europa.eu/udl?uri=TED:NOTICE:90364-2016:TEXT:EN:HTML,2016,3,15.03.2016,R208.S2,0,0,,Krašto apsaugos ministerija — Lietuvos kariuomenė,188732677,Šv. Ignoto g. 8,Vilnius,1144,A1,LT,LT,,,1,,Defence,N,,,U,,Y,,Y,,35811300,35,,18443310---18443300---18443340,Y,4,3,154588.76,154588.76,154588.76,N,OPE,,0,L,100,,,N,3,7323975,3,,N,,Uždaroji akcinė bendrovė „Omniteksas“,,Raudondvario pl. 101,Kauno m.,47184,LT,,3,Kepuraitės,2,,,,,,109157.02,109157.02,N,10.02.2016;;;;
2016101445,ted.europa.eu/udl?uri=TED:NOTICE:101445-2016:TEXT:EN:HTML,2016,18,23.03.2016,R208.S2,0,0,,Päästeamet,70000585,Raua 2,Tallinn,10124,A1,EE,EE,,,1,,Other;Public Order and Safety,N,,,U,,N,,,,35113400,35,,,,1,0,473808.04,473808.04,473808.04,Y,NIP,,0,L,100,,,N,1,7334670,,,N,,Baltic Fox OÜ,,Ed. Ahrensi 12-7,Kuusalu alevik; Kuusalu vald; Harjumaa,74601,EE,,1,,,,,,1,,473808.04,473808.04,,17.03.2016;
2016103908,ted.europa.eu/udl?uri=TED:NOTICE:103908-2016:TEXT:EN:HTML,2016,3,23.03.2016,R208.S2,0,0,,Valsts robežsardze,,Rūdolfa iela 5,Rīga,1012,A1,LV,LV,,,1,,Public Order and Safety,N,,,U,,N,,,,35120000,35,,,Y,3,0,477634.36,477634.36,477634.36,Y,OPE,,0,L,100,,,N,1,7336448,,,N,,Piegādātāju apvienība – SIA “BST engineering”; AS “Capital”; SIA “Komerccentrs DATI grupa” un SIA “Belam-Rīga”,,Kalnciema iela 87,Rīga,1046,LV,,1,,1,,,,,477634.36,477634.36,477634.36,N,16.03.2016;;
2016104017,ted.europa.eu/udl?uri=TED:NOTICE:104017-2016:TEXT:EN:HTML,2016,3,24.03.2016,R208.S2,0,0,,Lietuvos sveikatos mokslų universiteto ligoninė viešoji įstaiga Kauno klinikos,135163499,Eivenių g. 2,Kaunas,50009,A2,LT,LT,,,6,,Health,N,,,U,,N,,,,35113420,35,,,Y,1,1,4351.83,4351.83,4351.83,N,OPE,,0,L,100,,,N,1,7338436,1,,N,,Uždaroji akcinė bendrovė „Endomeda“,,Raudondvario pl. 288A-22,Kaunas,49472,LT,,1,Apsauginės prijuostės ir apsauginės apykaklės,2,,,,,,4351.83,4351.83,N,18.03.2016;;;;
2016108279,ted.europa.eu/udl?uri=TED:NOTICE:108279-2016:TEXT:EN:HTML,2016,3,29.03.2016,R208.S2,0,0,,Rīgas Pašvaldības Policija,,Lomonosova iela 12A,Rīga,1019,A2,LV,LV,,,8,,Public Order and Safety,N,,,U,,N,,,,35811200,35,,,Y,4,0,170640.0,170640,170640,N,OPE,,0,M,,,,N,1,7342255,,,N,,SIA Synergy,,Mūkusalas iela 72B,Rīga,1004,LV,,1,,2,,,,,170640.5,170640,170640,N,21.03.2016;;
2016112541,ted.europa.eu/udl?uri=TED:NOTICE:112541-2016:TEXT:EN:HTML,2016,3,31.03.2016,R208.S2,0,0,,Valsts ugunsdzēsības un glābšanas dienests,,Maskavas iela 5,Rīga,1050,A1,LV,LV,,,1,,Public Order and Safety,N,,,U,LV006,N,,,,35110000,35,,,Y,1,0,140000.0,140000,140000,N,OPE,,0,L,100,,,N,1,7346829,,,N,,SIA “Vavise”,,Elijas iela 11-1,Rīga,1050,LV,,1,,6,,,,,415.92,140000,140000,N,28.01.2016;;;;
2016116884,ted.europa.eu/udl?uri=TED:NOTICE:116884-2016:TEXT:EN:HTML,2016,3,01.04.2016,R208.S2,0,0,,Vidaus reikalų ministerija — Valstybės sienos apsaugos tarnyba,188608252,Savanorių pr. 2,Vilnius,03116,A1,LT,LT,,,1,,Public Order and Safety,N,,,U,,N,,,,35113440,35,,,Y,4,1,262500.0,262500,262500,N,OPE,,0,L,100,,,N,1,7350285,1,,N,,Uždaroji akcinė bendrovė „Ritėjus“,,Savanorių pr. 271,Kaunas,50131,LT,,1,Liemenių su atšvaitais pirkimas,4,,,,,,262500,262500,N,17.02.2016;;;;
2016120200,ted.europa.eu/udl?uri=TED:NOTICE:120200-2016:TEXT:EN:HTML,2016,3,06.04.2016,R208.S2,0,0,,Krašto apsaugos ministerija — Lietuvos kariuomenė,188732677,Šv. Ignoto g. 8,Vilnius,01144,A1,LT,LT,,,1,,Defence,N,,,U,,Y,,Y,,35811300,35,,,Y,3,1,27233181.82,27233181.82,27233181.82,N,OPE,,0,L,100,,,N,2,7356252,1,,N,,Uždaroji akcinė bendrovė „TUMA“,,Savanorių pr. 139,Vilniaus m.; Vilniaus m. sav.,,LT,,1,Lauko uniformos komplektai drėgnam orui,3,,,,,,12915000,12915000,N,01.03.2016;;;
2016120200,ted.europa.eu/udl?uri=TED:NOTICE:120200-2016:TEXT:EN:HTML,2016,3,06.04.2016,R208.S2,0,0,,Krašto apsaugos ministerija — Lietuvos kariuomenė,188732677,Šv. Ignoto g. 8,Vilnius,01144,A1,LT,LT,,,1,,Defence,N,,,U,,Y,,Y,,35811300,35,,,Y,3,1,27233181.82,27233181.82,27233181.82,N,OPE,,0,L,100,,,N,2,7356253,1,,N,,Akcinė bendrovė „Audimas“,,Raudondvario pl. 80,Kauno m.; 3026 Kauno m. sav.,,LT,,2,Lauko uniformos komplektai drėgnam orui,3,,,,,,14318181.82,14318181.82,N,01.03.2016;;;
2016127546,ted.europa.eu/udl?uri=TED:NOTICE:127546-2016:TEXT:EN:HTML,2016,3,12.04.2016,R208.S2,0,0,,Valsts ugunsdzēsības un glābšanas dienests,,Maskavas iela 5,Rīga,1050,A1,LV,LV,,,1,,Public Order and Safety,N,,,U,LV00,N,,,,35110000,35,,,Y,1,0,198347.0,198347,198347,N,OPE,,0,L,100,,,N,1,7364030,,,N,,SIA “Iskada”,,Krustpils iela 12A,Rīga,1073,LV,,1,,4,,,,,198347,198347,198347,N,05.04.2016;;;;
2016138689,ted.europa.eu/udl?uri=TED:NOTICE:138689-2016:TEXT:EN:HTML,2016,3,19.04.2016,R208.S2,0,0,,Kaitsevägi,70008641,Juhkentali 58,Tallinn,15007,A1,EE,EE,,,1,,Defence,N,,,U,EE,Y,,Y,,35210000,35,,,Y,4,0,400000.0,400000,400000,N,OPE,,0,M,,Osa 1. Teip – vormil D nimetatud katteteibi rullide maksumus (rullis on vähemalt 1 000 kattetäppi)---Osa 2. Positsioonide 23 kuni 26 ja 32 maksumuste summa (nimetatud ka vormil D hankeosas 2) – puidust sihtmärgid---Osa 2. Positsioonide 27 kuni 31 maksumuste summa (nimetatud ka vormil D hankeosas 2) – puidust sihtmärgid---Osa 1. Kartongist materjalil hankeesemete maksumuste summa (nimetatud ka vormil D hankeosas 1)---Osa 1. Pabermaterjalil hankeesemete maksumuste summa (nimetatud ka vormil D hankeosas 1)---Osa 1. Papist materjalil hankeesemete maksumuste summa (nimetatud ka vormil D hankeosas 1)---Osa 3. Positsioonide 33 kuni 36 maksumuste summa (nimetatud ka vormil D hankeosas 3) – metallist sihtmärgid---Osa 3. Positsiooni 37 maksumus (nimetatud ka vormil D hankeosas 3) – metallist sihtmärgid---Osa 3. Positsioonide 38 kuni 39 maksumuste summa (nimetatud ka vormil D hankeosas 3) – metallist sihtmärgid,5---55---45---25---50---20---50---40---10,N,3,7371439,,,N,,Grenader Grupp OÜ,,Kopli 29,Tallinn,10412,EE,,1,,7,,,,,145000,,145000,,19.04.2016;;;;
2016138689,ted.europa.eu/udl?uri=TED:NOTICE:138689-2016:TEXT:EN:HTML,2016,3,19.04.2016,R208.S2,0,0,,Kaitsevägi,70008641,Juhkentali 58,Tallinn,15007,A1,EE,EE,,,1,,Defence,N,,,U,EE,Y,,Y,,35210000,35,,,Y,4,0,400000.0,400000,400000,N,OPE,,0,M,,Osa 1. Teip – vormil D nimetatud katteteibi rullide maksumus (rullis on vähemalt 1 000 kattetäppi)---Osa 2. Positsioonide 23 kuni 26 ja 32 maksumuste summa (nimetatud ka vormil D hankeosas 2) – puidust sihtmärgid---Osa 2. Positsioonide 27 kuni 31 maksumuste summa (nimetatud ka vormil D hankeosas 2) – puidust sihtmärgid---Osa 1. Kartongist materjalil hankeesemete maksumuste summa (nimetatud ka vormil D hankeosas 1)---Osa 1. Pabermaterjalil hankeesemete maksumuste summa (nimetatud ka vormil D hankeosas 1)---Osa 1. Papist materjalil hankeesemete maksumuste summa (nimetatud ka vormil D hankeosas 1)---Osa 3. Positsioonide 33 kuni 36 maksumuste summa (nimetatud ka vormil D hankeosas 3) – metallist sihtmärgid---Osa 3. Positsiooni 37 maksumus (nimetatud ka vormil D hankeosas 3) – metallist sihtmärgid---Osa 3. Positsioonide 38 kuni 39 maksumuste summa (nimetatud ka vormil D hankeosas 3) – metallist sihtmärgid,5---55---45---25---50---20---50---40---10,N,3,7371440,,,N,,Grenader Grupp OÜ,,Kopli 29,Tallinn,10412,EE,,2,,7,,,,,112000,,112000,,19.04.2016;;;;
2016138689,ted.europa.eu/udl?uri=TED:NOTICE:138689-2016:TEXT:EN:HTML,2016,3,19.04.2016,R208.S2,0,0,,Kaitsevägi,70008641,Juhkentali 58,Tallinn,15007,A1,EE,EE,,,1,,Defence,N,,,U,EE,Y,,Y,,35210000,35,,,Y,4,0,400000.0,400000,400000,N,OPE,,0,M,,Osa 1. Teip – vormil D nimetatud katteteibi rullide maksumus (rullis on vähemalt 1 000 kattetäppi)---Osa 2. Positsioonide 23 kuni 26 ja 32 maksumuste summa (nimetatud ka vormil D hankeosas 2) – puidust sihtmärgid---Osa 2. Positsioonide 27 kuni 31 maksumuste summa (nimetatud ka vormil D hankeosas 2) – puidust sihtmärgid---Osa 1. Kartongist materjalil hankeesemete maksumuste summa (nimetatud ka vormil D hankeosas 1)---Osa 1. Pabermaterjalil hankeesemete maksumuste summa (nimetatud ka vormil D hankeosas 1)---Osa 1. Papist materjalil hankeesemete maksumuste summa (nimetatud ka vormil D hankeosas 1)---Osa 3. Positsioonide 33 kuni 36 maksumuste summa (nimetatud ka vormil D hankeosas 3) – metallist sihtmärgid---Osa 3. Positsiooni 37 maksumus (nimetatud ka vormil D hankeosas 3) – metallist sihtmärgid---Osa 3. Positsioonide 38 kuni 39 maksumuste summa (nimetatud ka vormil D hankeosas 3) – metallist sihtmärgid,5---55---45---25---50---20---50---40---10,N,3,7371441,,,N,,Aktsiaselts Wermo,,Põllu 12,Võru,65606,EE,,3,,7,,,,,143000,,143000,,30.03.2016;;;;
2016147137,ted.europa.eu/udl?uri=TED:NOTICE:147137-2016:TEXT:EN:HTML,2016,3,25.04.2016,R208.S2,0,0,,Finansų ministerija — Muitinės departamentas,188656838,A. Jakšto g. 1,Vilnius,01105,A1,LT,LT,,,1,,General public\services,N,,,U,,N,,,,35121500,35,,,Y,1,0,193388.43,193388.43,193388.43,N,NOC,,0,L,100,,,N,1,7381542,,,N,,UAB „Vertybių sauga“,,T. Ševčenkos g. 16A,Vilnius,03111,LT,,1,,1,,,,,,193388.43,193388.43,N,22.03.2016;;;;
2016155132,ted.europa.eu/udl?uri=TED:NOTICE:155132-2016:TEXT:EN:HTML,2016,3,02.05.2016,R208.S2,0,0,,Kaitsevägi,70008641,Juhkentali 58,Tallinn,15007,A1,EE,EE,,,1,,Defence,N,,,U,EE,Y,,Y,,35812000,35,,,Y,3,0,1045583.0,1045583,1045583,N,OPE,,0,M,,Tootenäidiste kvaliteet---Maksumus---Tarneaeg kalendripäevades,60---30---10,N,3,7390690,,,N,,A La Carte Identity Clothing AB,,Textilgatan 43,Stockholm,120 30,SE,,1,,6,,,,,1045583,,1045583,,29.04.2016;;;;
2016155132,ted.europa.eu/udl?uri=TED:NOTICE:155132-2016:TEXT:EN:HTML,2016,3,02.05.2016,R208.S2,0,0,,Kaitsevägi,70008641,Juhkentali 58,Tallinn,15007,A1,EE,EE,,,1,,Defence,N,,,U,EE,Y,,Y,,35812000,35,,,Y,3,0,1045583.0,1045583,1045583,N,OPE,,0,M,,Tootenäidiste kvaliteet---Maksumus---Tarneaeg kalendripäevades,60---30---10,N,3,7390691,,,N,,Aktsiaselts Galvi-Linda,,Tallinna 44,Viljandi,71008,EE,,2,,6,,,,,1045583,,1045583,,02.05.2016;;;;
2016155132,ted.europa.eu/udl?uri=TED:NOTICE:155132-2016:TEXT:EN:HTML,2016,3,02.05.2016,R208.S2,0,0,,Kaitsevägi,70008641,Juhkentali 58,Tallinn,15007,A1,EE,EE,,,1,,Defence,N,,,U,EE,Y,,Y,,35812000,35,,,Y,3,0,1045583.0,1045583,1045583,N,OPE,,0,M,,Tootenäidiste kvaliteet---Maksumus---Tarneaeg kalendripäevades,60---30---10,N,3,7390692,,,N,,Aktsiaselts Profline,,Veerenni 29,Tallinn,10135,EE,,3,,6,,,,,1045583,,1045583,,02.05.2016;;;;
2016155252,ted.europa.eu/udl?uri=TED:NOTICE:155252-2016:TEXT:EN:HTML,2016,18,02.05.2016,R208.S2,0,0,,Kaitsevägi,70008641,Juhkentali 58,Tallinn,15007,A1,EE,EE,,,1,,Defence,N,,,U,EE,Y,,Y,,35322500,35,,,,3,0,2500000.0,2500000,2500000,N,RES,,0,L,100,,,N,1,7390983,,,N,,Eurosec OÜ,,Helgi tee 2,Peetri alevik; Rae vald; Harjumaa,75312,EE,,1,,1,,,,,2500000,,2500000,,02.05.2016;;
2016169251,ted.europa.eu/udl?uri=TED:NOTICE:169251-2016:TEXT:EN:HTML,2016,3,16.05.2016,R208.S2,0,0,,Kaitsevägi,70008641,Juhkentali 58,Tallinn,15007,A1,EE,EE,,,1,,Defence,N,,,U,EE,Y,,Y,,35740000,35,,,Y,3,0,2400000.0,2400000,2400000,N,OPE,,0,M,,Matkeseadmete süsteemi maksimaalne tarneaeg hankelepingu sõlmimisest arvates (nimetatuna kalendripäevades; ei või ületada 360 kalendripäeva)---Koolituse maksumus (vajadusel tellitavate täiendavate koolituste tellimiseks raamlepingu alusel)---Erakorralise hoolduse 1 (ühe) töötunni maksumus. Ei sisalda varuosade maksumust---Matkeseadmete süsteem; mis sisaldab: a) tehnilisele kirjeldusele vastavat süsteemi ennast; b) korralist hooldust 4 (nelja) aastasele perioodile; c) koolitust vähemalt 15 inimese ulatuses,5---5---10---80,N,1,7405108,,,N,,Saab AB,,PO Box 120 62,Stockholm,102 22,SE,,1,,3,,,,,2400000,,2400000,,16.05.2016
2016174179,ted.europa.eu/udl?uri=TED:NOTICE:174179-2016:TEXT:EN:HTML,2016,18,16.05.2016,R208.S2,0,0,,Vidaus reikalų ministerija — Ginklų fondas,191769098,Linkmenų g. 26,Vilnius,08217,A1,LT,LT,,,1,,Defence,N,,,U,,N,,,,35331000,35,,,,4,2,19750.0,19750,19750,N,RES,,0,L,100,,,N,2,7412056,1,,N,,UAB „Defensa“,,L.Stuokos-Gucevičiaus g. 9-2,Vilnius,,LT,,1,Šaudmuo RWS kal. .308 Win.,1,,,,,,6250,6250,Y,30.11.2015;;;;
2016174179,ted.europa.eu/udl?uri=TED:NOTICE:174179-2016:TEXT:EN:HTML,2016,18,16.05.2016,R208.S2,0,0,,Vidaus reikalų ministerija — Ginklų fondas,191769098,Linkmenų g. 26,Vilnius,08217,A1,LT,LT,,,1,,Defence,N,,,U,,N,,,,35331000,35,,,,4,2,19750.0,19750,19750,N,RES,,0,L,100,,,N,2,7412057,2,,N,,MOBUS SIA,,Brivibas g. 320-26,Riga,1006,LV,,2,Šaudmuo 9x19 mm Luger,2,,,,,,13500,13500,N,30.11.2015;;;;
2016174181,ted.europa.eu/udl?uri=TED:NOTICE:174181-2016:TEXT:EN:HTML,2016,18,16.05.2016,R208.S2,0,0,,Vidaus reikalų ministerija — Ginklų fondas,191769098,Linkmenų g. 26,2600 Vilnius,08217,A1,LT,LT,,,1,,Defence,N,,,U,,Y,,Y,,35320000,35,,,,4,0,31647.0,31647,31647,N,RES,,0,L,100,,,N,1,7412059,,,N,,Glock Ges.m.b.H.,,Gaston Glock-Platz 1,Deutsch Wagram,2232,AT,,1,,1,,,,,31647,,31647,N,11.12.2015;;;;
2016180431,ted.europa.eu/udl?uri=TED:NOTICE:180431-2016:TEXT:EN:HTML,2016,3,23.05.2016,R208.S2,0,0,,Krašto apsaugos ministerija — Lietuvos kariuomenė,188732677,Šv. Ignoto g. 8,Vilnius,01144,A1,LT,LT,,,1,,Defence,N,,,U,,Y,,Y,,35811300,35,,18443310---18443300---18443340,Y,3,1,1380000.0,1380000,1380000,N,OPE,,0,L,100,,,N,1,7419039,1,,N,,Uždaroji akcinė bendrovė „TUMA“,,Savanorių pr. 139,Vilniaus m.; Vilniaus m. sav.,03150,LT,,1,Lauko uniformos striukės,3,,,,,,1380000,1380000,N,12.05.2016;;;
2016180445,ted.europa.eu/udl?uri=TED:NOTICE:180445-2016:TEXT:EN:HTML,2016,3,23.05.2016,R208.S2,0,0,,Valsts robežsardze,,Rūdolfa iela 5,Rīga,1012,A1,LV,LV,,,1,,Public Order and Safety,N,,,U,LV005,N,,,,35120000,35,,,Y,4,0,206000.0,206000,206000,N,OPE,,0,L,100,,,N,1,7419064,,,N,,Piegādātāju apvienība – AS “STA Grupa” (Latvija) un Estate s.r.o. (Slovākija),,Maskavas iela 227,Rīga,1019,LV,,1,,3,,,,,188148.76,206000,206000,N,18.05.2016;;;;
2016180446,ted.europa.eu/udl?uri=TED:NOTICE:180446-2016:TEXT:EN:HTML,2016,3,23.05.2016,R208.S2,0,0,,Valsts aizsardzības,,Ernestīnes 34,Rīga,1046,A1,LV,LV,,,N,,Defence,Y,,,U,LV00,N,,,,35711000,35,,48151000,Y,4,0,326755.0,326755,326755,N,OPE,,0,L,100,,,N,2,7419065,,,N,,SIA “Belss”,,Kalvenes iela 22a,Rīga,1058,LV,,1,,1,,,,,,228890,228890,N,12.05.2016;;;;
2016180446,ted.europa.eu/udl?uri=TED:NOTICE:180446-2016:TEXT:EN:HTML,2016,3,23.05.2016,R208.S2,0,0,,Valsts aizsardzības,,Ernestīnes 34,Rīga,1046,A1,LV,LV,,,N,,Defence,Y,,,U,LV00,N,,,,35711000,35,,48151000,Y,4,0,326755.0,326755,326755,N,OPE,,0,L,100,,,N,2,7419066,,,N,,SIA “Belss”,,Kalvenes iela 22a,Rīga,1058,LV,,2,,1,,,,,,97865,97865,N,12.05.2016;;;;
2016187713,ted.europa.eu/udl?uri=TED:NOTICE:187713-2016:TEXT:EN:HTML,2016,3,31.05.2016,R208.S2,0,0,,Nodrošinājuma valsts aģentūra,,Čiekurkalna 1.līnija 1; k-2,Rīga,1026,A1,LV,LV,,,1,,Other,Y,,,U,LV006,N,,,,35200000,35,,,Y,1,0,212892.0,212892,212892,N,OPE,,0,L,100,,,N,3,7428256,,,N,,SIA “SKOG”,,Lokomotīves iela 26,Rīga,1057,LV,,1,,2,,,,,,55992,55992,N,04.03.2016;;;
2016187713,ted.europa.eu/udl?uri=TED:NOTICE:187713-2016:TEXT:EN:HTML,2016,3,31.05.2016,R208.S2,0,0,,Nodrošinājuma valsts aģentūra,,Čiekurkalna 1.līnija 1; k-2,Rīga,1026,A1,LV,LV,,,1,,Other,Y,,,U,LV006,N,,,,35200000,35,,,Y,1,0,212892.0,212892,212892,N,OPE,,0,L,100,,,N,3,7428257,,,N,,SIA “Arbor Medical Korporācija”,,Meistaru iela 7; Valdlauči,Ķekavas novads,1076,LV,,2,,2,,,,,,110000,110000,N,24.05.2016;;
2016187713,ted.europa.eu/udl?uri=TED:NOTICE:187713-2016:TEXT:EN:HTML,2016,3,31.05.2016,R208.S2,0,0,,Nodrošinājuma valsts aģentūra,,Čiekurkalna 1.līnija 1; k-2,Rīga,1026,A1,LV,LV,,,1,,Other,Y,,,U,LV006,N,,,,35200000,35,,,Y,1,0,212892.0,212892,212892,N,OPE,,0,L,100,,,N,3,7428258,,,N,,SIA “SKOG”,,Lokomotīves iela 26,Rīga,1057,LV,,3,,2,,,,,,46900,46900,N,24.05.2016;;;
2016187718,ted.europa.eu/udl?uri=TED:NOTICE:187718-2016:TEXT:EN:HTML,2016,3,31.05.2016,R208.S2,0,0,,Nodrošinājuma pavēlniecība,,Vienības gatve 56,Rīga,1004,A1,LV,LV,,,1,,Defence,N,,,U,LV006,N,,,,35810000,35,,,Y,3,0,726773.96,726773.96,726773.96,N,NOC,,0,L,100,,,N,4,7428289,,,N,,Sabiedrība ar ierobežotu atbildību SKOG,,Salacas iela 19-8,Rīga,1019,LV,,1,,1,,,,,78677.69,78677.69,78677.69,N,19.04.2016;;;;
2016187718,ted.europa.eu/udl?uri=TED:NOTICE:187718-2016:TEXT:EN:HTML,2016,3,31.05.2016,R208.S2,0,0,,Nodrošinājuma pavēlniecība,,Vienības gatve 56,Rīga,1004,A1,LV,LV,,,1,,Defence,N,,,U,LV006,N,,,,35810000,35,,,Y,3,0,726773.96,726773.96,726773.96,N,NOC,,0,L,100,,,N,4,7428290,,,N,,Sabiedrība ar ierobežotu atbildību KENRON,,Tomsona iela 30-36,Rīga,1013,LV,,2,,1,,,,,82727.27,82727.27,82727.27,N,19.04.2016;;;;
2016187718,ted.europa.eu/udl?uri=TED:NOTICE:187718-2016:TEXT:EN:HTML,2016,3,31.05.2016,R208.S2,0,0,,Nodrošinājuma pavēlniecība,,Vienības gatve 56,Rīga,1004,A1,LV,LV,,,1,,Defence,N,,,U,LV006,N,,,,35810000,35,,,Y,3,0,726773.96,726773.96,726773.96,N,NOC,,0,L,100,,,N,4,7428291,,,N,,NFM Production Sp.z o.o.,,Lebork,Slupska str. 1D,84-300,PL,,3,,1,,,,,450800,450800,450800,N,19.04.2016;;;;
2016187718,ted.europa.eu/udl?uri=TED:NOTICE:187718-2016:TEXT:EN:HTML,2016,3,31.05.2016,R208.S2,0,0,,Nodrošinājuma pavēlniecība,,Vienības gatve 56,Rīga,1004,A1,LV,LV,,,1,,Defence,N,,,U,LV006,N,,,,35810000,35,,,Y,3,0,726773.96,726773.96,726773.96,N,NOC,,0,L,100,,,N,4,7428292,,,N,,Snugpak Limited,,West Yorshire,Waterloo Mils; Howden Road; Silsden,BD20 OHA,AI,,4,,1,,,,,114569,114569,114569,N,19.04.2016;;
2016189258,ted.europa.eu/udl?uri=TED:NOTICE:189258-2016:TEXT:EN:HTML,2016,3,01.06.2016,R208.S2,0,0,,Nodrošinājuma valsts aģentūra,,Čiekurkalna 1.līnija 1; k-2,Rīga,1026,A1,LV,LV,,,1,,Other,Y,,,U,LV006,N,,,,35000000,35,,,Y,1,0,465806.0,465806,465806,N,OPE,,0,L,100,,,N,4,7430013,,,N,,Baltic Armaments Co.; Ltd,,Veerenni st.56 P.O.Box 21,Tallinn,11313,EE,,1,,2,,,,,,149490,149490,N,23.05.2016;;
2016189258,ted.europa.eu/udl?uri=TED:NOTICE:189258-2016:TEXT:EN:HTML,2016,3,01.06.2016,R208.S2,0,0,,Nodrošinājuma valsts aģentūra,,Čiekurkalna 1.līnija 1; k-2,Rīga,1026,A1,LV,LV,,,1,,Other,Y,,,U,LV006,N,,,,35000000,35,,,Y,1,0,465806.0,465806,465806,N,OPE,,0,L,100,,,N,4,7430014,,,N,,Baltic Armaments Co.; Ltd,,Veerenni st.56 P.O.Box 21,Tallinn,11313,EE,,2,,2,,,,,,62376,62376,N,23.05.2016;;
2016189258,ted.europa.eu/udl?uri=TED:NOTICE:189258-2016:TEXT:EN:HTML,2016,3,01.06.2016,R208.S2,0,0,,Nodrošinājuma valsts aģentūra,,Čiekurkalna 1.līnija 1; k-2,Rīga,1026,A1,LV,LV,,,1,,Other,Y,,,U,LV006,N,,,,35000000,35,,,Y,1,0,465806.0,465806,465806,N,OPE,,0,L,100,,,N,4,7430015,,,N,,Baltic Armaments Co.; Ltd,,Veerenni st.56 P.O.Box 21,Tallinn,11313,EE,,3,,2,,,,,,16940,16940,N,23.05.2016;;
2016189258,ted.europa.eu/udl?uri=TED:NOTICE:189258-2016:TEXT:EN:HTML,2016,3,01.06.2016,R208.S2,0,0,,Nodrošinājuma valsts aģentūra,,Čiekurkalna 1.līnija 1; k-2,Rīga,1026,A1,LV,LV,,,1,,Other,Y,,,U,LV006,N,,,,35000000,35,,,Y,1,0,465806.0,465806,465806,N,OPE,,0,L,100,,,N,4,7430016,,,N,,SIA “Zommers”,,Kr.Barona iela 31,Rīga,1011,LV,,4,,2,,,,,,237000,237000,N,23.05.2016;;;
2016197912,ted.europa.eu/udl?uri=TED:NOTICE:197912-2016:TEXT:EN:HTML,2016,3,08.06.2016,R208.S2,0,0,,Nodrošinājuma valsts aģentūra,,Čiekurkalna 1. līnija 1; k-2,Rīga,1026,A1,LV,LV,,,1,,Other,Y,,,U,LV006,N,,,,35200000,35,,,Y,4,0,55992.0,55992,55992,N,OPE,,0,L,100,,,N,1,7440494,,,N,,SIA “SKOG”,,Lokomotīves iela 26,Rīga,1057,LV,,1,,2,,,,,,55992,55992,N,24.05.2016;;;
2016203250,ted.europa.eu/udl?uri=TED:NOTICE:203250-2016:TEXT:EN:HTML,2016,3,10.06.2016,R208.S2,0,0,,Nodrošinājuma valsts aģentūra,,Čiekurkalna 1. līnija 1; k-2,Rīga,1026,A1,LV,LV,,,1,,Other,Y,,,U,LV006,Y,,,,35330000,35,,,Y,1,0,136368.0,136368,136368,N,OPE,,0,L,100,,,N,16,7445970,,,N,,SIA “ZOMMERS”,,Kr. Barona iela 31,Rīga,1011,LV,,1,,2,,,,,,15152,15152,N,31.05.2016;;;
2016203250,ted.europa.eu/udl?uri=TED:NOTICE:203250-2016:TEXT:EN:HTML,2016,3,10.06.2016,R208.S2,0,0,,Nodrošinājuma valsts aģentūra,,Čiekurkalna 1. līnija 1; k-2,Rīga,1026,A1,LV,LV,,,1,,Other,Y,,,U,LV006,Y,,Y,,35330000,35,,,Y,1,0,136368.0,136368,136368,N,OPE,,0,L,100,,,N,16,7445970,,,N,,SIA “ZOMMERS”,,Kr. Barona iela 31,Rīga,1011,LV,,1,,2,,,,,,15152,15152,N,31.05.2016;;;
2016203250,ted.europa.eu/udl?uri=TED:NOTICE:203250-2016:TEXT:EN:HTML,2016,3,10.06.2016,R208.S2,0,0,,Nodrošinājuma valsts aģentūra,,Čiekurkalna 1. līnija 1; k-2,Rīga,1026,A1,LV,LV,,,1,,Other,Y,,,U,LV006,Y,,Y,,35330000,35,,,Y,1,0,136368.0,136368,136368,N,OPE,,0,L,100,,,N,16,7445971,,,N,,SIA “Purnavu muiža”,,“Mārtiņmuiža”,Mārupes novads,2167,LV,,1,,2,,,,,,15152,15152,N,31.05.2016;;;
2016203250,ted.europa.eu/udl?uri=TED:NOTICE:203250-2016:TEXT:EN:HTML,2016,3,10.06.2016,R208.S2,0,0,,Nodrošinājuma valsts aģentūra,,Čiekurkalna 1. līnija 1; k-2,Rīga,1026,A1,LV,LV,,,1,,Other,Y,,,U,LV006,Y,,,,35330000,35,,,Y,1,0,136368.0,136368,136368,N,OPE,,0,L,100,,,N,16,7445971,,,N,,SIA “Purnavu muiža”,,“Mārtiņmuiža”,Mārupes novads,2167,LV,,1,,2,,,,,,15152,15152,N,31.05.2016;;;
2016203250,ted.europa.eu/udl?uri=TED:NOTICE:203250-2016:TEXT:EN:HTML,2016,3,10.06.2016,R208.S2,0,0,,Nodrošinājuma valsts aģentūra,,Čiekurkalna 1. līnija 1; k-2,Rīga,1026,A1,LV,LV,,,1,,Other,Y,,,U,LV006,Y,,Y,,35330000,35,,,Y,1,0,136368.0,136368,136368,N,OPE,,0,L,100,,,N,16,7445972,,,N,,SIA “ZOMMERS”,,Kr. Barona iela 31,Rīga,1011,LV,,2,,3,,,,,,15152,15152,N,31.05.2016;;;
2016203250,ted.europa.eu/udl?uri=TED:NOTICE:203250-2016:TEXT:EN:HTML,2016,3,10.06.2016,R208.S2,0,0,,Nodrošinājuma valsts aģentūra,,Čiekurkalna 1. līnija 1; k-2,Rīga,1026,A1,LV,LV,,,1,,Other,Y,,,U,LV006,Y,,,,35330000,35,,,Y,1,0,136368.0,136368,136368,N,OPE,,0,L,100,,,N,16,7445972,,,N,,SIA “ZOMMERS”,,Kr. Barona iela 31,Rīga,1011,LV,,2,,3,,,,,,15152,15152,N,31.05.2016;;;
2016203250,ted.europa.eu/udl?uri=TED:NOTICE:203250-2016:TEXT:EN:HTML,2016,3,10.06.2016,R208.S2,0,0,,Nodrošinājuma valsts aģentūra,,Čiekurkalna 1. līnija 1; k-2,Rīga,1026,A1,LV,LV,,,1,,Other,Y,,,U,LV006,Y,,Y,,35330000,35,,,Y,1,0,136368.0,136368,136368,N,OPE,,0,L,100,,,N,16,7445973,,,N,,SIA “Strēlnieks-A”,,Jaunmoku iela 34,Rīga,1046,LV,,2,,3,,,,,,15152,15152,N,31.05.2016;;;
2016203250,ted.europa.eu/udl?uri=TED:NOTICE:203250-2016:TEXT:EN:HTML,2016,3,10.06.2016,R208.S2,0,0,,Nodrošinājuma valsts aģentūra,,Čiekurkalna 1. līnija 1; k-2,Rīga,1026,A1,LV,LV,,,1,,Other,Y,,,U,LV006,Y,,,,35330000,35,,,Y,1,0,136368.0,136368,136368,N,OPE,,0,L,100,,,N,16,7445973,,,N,,SIA “Strēlnieks-A”,,Jaunmoku iela 34,Rīga,1046,LV,,2,,3,,,,,,15152,15152,N,31.05.2016;;;
2016203250,ted.europa.eu/udl?uri=TED:NOTICE:203250-2016:TEXT:EN:HTML,2016,3,10.06.2016,R208.S2,0,0,,Nodrošinājuma valsts aģentūra,,Čiekurkalna 1. līnija 1; k-2,Rīga,1026,A1,LV,LV,,,1,,Other,Y,,,U,LV006,Y,,,,35330000,35,,,Y,1,0,136368.0,136368,136368,N,OPE,,0,L,100,,,N,16,7445974,,,N,,SIA “Purnavu muiža”,,“Mārtiņmuiža”,Mārupes novads,2167,LV,,2,,3,,,,,,15152,15152,N,31.05.2016;;;
2016203250,ted.europa.eu/udl?uri=TED:NOTICE:203250-2016:TEXT:EN:HTML,2016,3,10.06.2016,R208.S2,0,0,,Nodrošinājuma valsts aģentūra,,Čiekurkalna 1. līnija 1; k-2,Rīga,1026,A1,LV,LV,,,1,,Other,Y,,,U,LV006,Y,,Y,,35330000,35,,,Y,1,0,136368.0,136368,136368,N,OPE,,0,L,100,,,N,16,7445974,,,N,,SIA “Purnavu muiža”,,“Mārtiņmuiža”,Mārupes novads,2167,LV,,2,,3,,,,,,15152,15152,N,31.05.2016;;;
2016203250,ted.europa.eu/udl?uri=TED:NOTICE:203250-2016:TEXT:EN:HTML,2016,3,10.06.2016,R208.S2,0,0,,Nodrošinājuma valsts aģentūra,,Čiekurkalna 1. līnija 1; k-2,Rīga,1026,A1,LV,LV,,,1,,Other,Y,,,U,LV006,Y,,,,35330000,35,,,Y,1,0,136368.0,136368,136368,N,OPE,,0,L,100,,,N,16,7445975,,,N,,SIA “Purnavu muiža”,,“Mārtiņmuiža”,Mārupes novads,2167,LV,,3,,1,,,,,,15152,15152,N,31.05.2016;;;
2016203250,ted.europa.eu/udl?uri=TED:NOTICE:203250-2016:TEXT:EN:HTML,2016,3,10.06.2016,R208.S2,0,0,,Nodrošinājuma valsts aģentūra,,Čiekurkalna 1. līnija 1; k-2,Rīga,1026,A1,LV,LV,,,1,,Other,Y,,,U,LV006,Y,,Y,,35330000,35,,,Y,1,0,136368.0,136368,136368,N,OPE,,0,L,100,,,N,16,7445975,,,N,,SIA “Purnavu muiža”,,“Mārtiņmuiža”,Mārupes novads,2167,LV,,3,,1,,,,,,15152,15152,N,31.05.2016;;;
2016203250,ted.europa.eu/udl?uri=TED:NOTICE:203250-2016:TEXT:EN:HTML,2016,3,10.06.2016,R208.S2,0,0,,Nodrošinājuma valsts aģentūra,,Čiekurkalna 1. līnija 1; k-2,Rīga,1026,A1,LV,LV,,,1,,Other,Y,,,U,LV006,Y,,Y,,35330000,35,,,Y,1,0,136368.0,136368,136368,N,OPE,,0,L,100,,,N,16,7445976,,,N,,SIA “ZOMMERS”,,Kr. Barona iela 31,Rīga,1011,LV,,4,,2,,,,,,15152,15152,N,31.05.2016;;;
2016203250,ted.europa.eu/udl?uri=TED:NOTICE:203250-2016:TEXT:EN:HTML,2016,3,10.06.2016,R208.S2,0,0,,Nodrošinājuma valsts aģentūra,,Čiekurkalna 1. līnija 1; k-2,Rīga,1026,A1,LV,LV,,,1,,Other,Y,,,U,LV006,Y,,,,35330000,35,,,Y,1,0,136368.0,136368,136368,N,OPE,,0,L,100,,,N,16,7445976,,,N,,SIA “ZOMMERS”,,Kr. Barona iela 31,Rīga,1011,LV,,4,,2,,,,,,15152,15152,N,31.05.2016;;;
2016203250,ted.europa.eu/udl?uri=TED:NOTICE:203250-2016:TEXT:EN:HTML,2016,3,10.06.2016,R208.S2,0,0,,Nodrošinājuma valsts aģentūra,,Čiekurkalna 1. līnija 1; k-2,Rīga,1026,A1,LV,LV,,,1,,Other,Y,,,U,LV006,Y,,Y,,35330000,35,,,Y,1,0,136368.0,136368,136368,N,OPE,,0,L,100,,,N,16,7445977,,,N,,SIA “Purnavu muiža”,,“Mārtiņmuiža”,Mārupes novads,2167,LV,,4,,2,,,,,,15152,15152,N,31.05.2016;;;
2016203250,ted.europa.eu/udl?uri=TED:NOTICE:203250-2016:TEXT:EN:HTML,2016,3,10.06.2016,R208.S2,0,0,,Nodrošinājuma valsts aģentūra,,Čiekurkalna 1. līnija 1; k-2,Rīga,1026,A1,LV,LV,,,1,,Other,Y,,,U,LV006,Y,,,,35330000,35,,,Y,1,0,136368.0,136368,136368,N,OPE,,0,L,100,,,N,16,7445977,,,N,,SIA “Purnavu muiža”,,“Mārtiņmuiža”,Mārupes novads,2167,LV,,4,,2,,,,,,15152,15152,N,31.05.2016;;;
2016203250,ted.europa.eu/udl?uri=TED:NOTICE:203250-2016:TEXT:EN:HTML,2016,3,10.06.2016,R208.S2,0,0,,Nodrošinājuma valsts aģentūra,,Čiekurkalna 1. līnija 1; k-2,Rīga,1026,A1,LV,LV,,,1,,Other,Y,,,U,LV006,Y,,,,35330000,35,,,Y,1,0,136368.0,136368,136368,N,OPE,,0,L,100,,,N,16,7445978,,,N,,SIA “Purnavu muiža”,,“Mārtiņmuiža”,Mārupes novads,2167,LV,,5,,1,,,,,,15152,15152,N,31.05.2016;;;
2016203250,ted.europa.eu/udl?uri=TED:NOTICE:203250-2016:TEXT:EN:HTML,2016,3,10.06.2016,R208.S2,0,0,,Nodrošinājuma valsts aģentūra,,Čiekurkalna 1. līnija 1; k-2,Rīga,1026,A1,LV,LV,,,1,,Other,Y,,,U,LV006,Y,,Y,,35330000,35,,,Y,1,0,136368.0,136368,136368,N,OPE,,0,L,100,,,N,16,7445978,,,N,,SIA “Purnavu muiža”,,“Mārtiņmuiža”,Mārupes novads,2167,LV,,5,,1,,,,,,15152,15152,N,31.05.2016;;;
2016203250,ted.europa.eu/udl?uri=TED:NOTICE:203250-2016:TEXT:EN:HTML,2016,3,10.06.2016,R208.S2,0,0,,Nodrošinājuma valsts aģentūra,,Čiekurkalna 1. līnija 1; k-2,Rīga,1026,A1,LV,LV,,,1,,Other,Y,,,U,LV006,Y,,Y,,35330000,35,,,Y,1,0,136368.0,136368,136368,N,OPE,,0,L,100,,,N,16,7445979,,,N,,SIA “ZOMMERS”,,Kr. Barona iela 31,Rīga,1011,LV,,6,,3,,,,,,15152,15152,N,03.06.2016;;;
2016203250,ted.europa.eu/udl?uri=TED:NOTICE:203250-2016:TEXT:EN:HTML,2016,3,10.06.2016,R208.S2,0,0,,Nodrošinājuma valsts aģentūra,,Čiekurkalna 1. līnija 1; k-2,Rīga,1026,A1,LV,LV,,,1,,Other,Y,,,U,LV006,Y,,,,35330000,35,,,Y,1,0,136368.0,136368,136368,N,OPE,,0,L,100,,,N,16,7445979,,,N,,SIA “ZOMMERS”,,Kr. Barona iela 31,Rīga,1011,LV,,6,,3,,,,,,15152,15152,N,03.06.2016;;;
2016203250,ted.europa.eu/udl?uri=TED:NOTICE:203250-2016:TEXT:EN:HTML,2016,3,10.06.2016,R208.S2,0,0,,Nodrošinājuma valsts aģentūra,,Čiekurkalna 1. līnija 1; k-2,Rīga,1026,A1,LV,LV,,,1,,Other,Y,,,U,LV006,Y,,Y,,35330000,35,,,Y,1,0,136368.0,136368,136368,N,OPE,,0,L,100,,,N,16,7445980,,,N,,SIA “Purnavu muiža”,,“Mārtiņmuiža”,Mārupes novads,2167,LV,,6,,3,,,,,,15152,15152,N,03.06.2016;;;
2016203250,ted.europa.eu/udl?uri=TED:NOTICE:203250-2016:TEXT:EN:HTML,2016,3,10.06.2016,R208.S2,0,0,,Nodrošinājuma valsts aģentūra,,Čiekurkalna 1. līnija 1; k-2,Rīga,1026,A1,LV,LV,,,1,,Other,Y,,,U,LV006,Y,,,,35330000,35,,,Y,1,0,136368.0,136368,136368,N,OPE,,0,L,100,,,N,16,7445980,,,N,,SIA “Purnavu muiža”,,“Mārtiņmuiža”,Mārupes novads,2167,LV,,6,,3,,,,,,15152,15152,N,03.06.2016;;;
2016203250,ted.europa.eu/udl?uri=TED:NOTICE:203250-2016:TEXT:EN:HTML,2016,3,10.06.2016,R208.S2,0,0,,Nodrošinājuma valsts aģentūra,,Čiekurkalna 1. līnija 1; k-2,Rīga,1026,A1,LV,LV,,,1,,Other,Y,,,U,LV006,Y,,,,35330000,35,,,Y,1,0,136368.0,136368,136368,N,OPE,,0,L,100,,,N,16,7445981,,,N,,UAB “Defensa”,,Stuokos-Gucevičiaus 9-2,Vilnius,01122,LT,,6,,3,,,,,,15152,15152,N,03.06.2016;;;
2016203250,ted.europa.eu/udl?uri=TED:NOTICE:203250-2016:TEXT:EN:HTML,2016,3,10.06.2016,R208.S2,0,0,,Nodrošinājuma valsts aģentūra,,Čiekurkalna 1. līnija 1; k-2,Rīga,1026,A1,LV,LV,,,1,,Other,Y,,,U,LV006,Y,,Y,,35330000,35,,,Y,1,0,136368.0,136368,136368,N,OPE,,0,L,100,,,N,16,7445981,,,N,,UAB “Defensa”,,Stuokos-Gucevičiaus 9-2,Vilnius,01122,LT,,6,,3,,,,,,15152,15152,N,03.06.2016;;;
2016203250,ted.europa.eu/udl?uri=TED:NOTICE:203250-2016:TEXT:EN:HTML,2016,3,10.06.2016,R208.S2,0,0,,Nodrošinājuma valsts aģentūra,,Čiekurkalna 1. līnija 1; k-2,Rīga,1026,A1,LV,LV,,,1,,Other,Y,,,U,LV006,Y,,,,35330000,35,,,Y,1,0,136368.0,136368,136368,N,OPE,,0,L,100,,,N,16,7445982,,,N,,SIA “ZOMMERS”,,Kr. Barona iela 31,Rīga,1011,LV,,7,,2,,,,,,15152,15152,N,03.06.2016;;;
2016203250,ted.europa.eu/udl?uri=TED:NOTICE:203250-2016:TEXT:EN:HTML,2016,3,10.06.2016,R208.S2,0,0,,Nodrošinājuma valsts aģentūra,,Čiekurkalna 1. līnija 1; k-2,Rīga,1026,A1,LV,LV,,,1,,Other,Y,,,U,LV006,Y,,Y,,35330000,35,,,Y,1,0,136368.0,136368,136368,N,OPE,,0,L,100,,,N,16,7445982,,,N,,SIA “ZOMMERS”,,Kr. Barona iela 31,Rīga,1011,LV,,7,,2,,,,,,15152,15152,N,03.06.2016;;;
2016203250,ted.europa.eu/udl?uri=TED:NOTICE:203250-2016:TEXT:EN:HTML,2016,3,10.06.2016,R208.S2,0,0,,Nodrošinājuma valsts aģentūra,,Čiekurkalna 1. līnija 1; k-2,Rīga,1026,A1,LV,LV,,,1,,Other,Y,,,U,LV006,Y,,Y,,35330000,35,,,Y,1,0,136368.0,136368,136368,N,OPE,,0,L,100,,,N,16,7445983,,,N,,UAB “Defensa”,,L. Stuokos-Gucevičiaus 9-2,Vilnius,01122,LT,,7,,2,,,,,,15152,15152,N,03.06.2016;;;
2016203250,ted.europa.eu/udl?uri=TED:NOTICE:203250-2016:TEXT:EN:HTML,2016,3,10.06.2016,R208.S2,0,0,,Nodrošinājuma valsts aģentūra,,Čiekurkalna 1. līnija 1; k-2,Rīga,1026,A1,LV,LV,,,1,,Other,Y,,,U,LV006,Y,,,,35330000,35,,,Y,1,0,136368.0,136368,136368,N,OPE,,0,L,100,,,N,16,7445983,,,N,,UAB “Defensa”,,L. Stuokos-Gucevičiaus 9-2,Vilnius,01122,LT,,7,,2,,,,,,15152,15152,N,03.06.2016;;;
2016203250,ted.europa.eu/udl?uri=TED:NOTICE:203250-2016:TEXT:EN:HTML,2016,3,10.06.2016,R208.S2,0,0,,Nodrošinājuma valsts aģentūra,,Čiekurkalna 1. līnija 1; k-2,Rīga,1026,A1,LV,LV,,,1,,Other,Y,,,U,LV006,Y,,Y,,35330000,35,,,Y,1,0,136368.0,136368,136368,N,OPE,,0,L,100,,,N,16,7445984,,,N,,SIA “Purnavu muiža”,,“Mārtiņmuiža”,Mārupes novads,2167,LV,,8,,1,,,,,,15152,15152,N,31.05.2016;;;
2016203250,ted.europa.eu/udl?uri=TED:NOTICE:203250-2016:TEXT:EN:HTML,2016,3,10.06.2016,R208.S2,0,0,,Nodrošinājuma valsts aģentūra,,Čiekurkalna 1. līnija 1; k-2,Rīga,1026,A1,LV,LV,,,1,,Other,Y,,,U,LV006,Y,,,,35330000,35,,,Y,1,0,136368.0,136368,136368,N,OPE,,0,L,100,,,N,16,7445984,,,N,,SIA “Purnavu muiža”,,“Mārtiņmuiža”,Mārupes novads,2167,LV,,8,,1,,,,,,15152,15152,N,31.05.2016;;;
2016203250,ted.europa.eu/udl?uri=TED:NOTICE:203250-2016:TEXT:EN:HTML,2016,3,10.06.2016,R208.S2,0,0,,Nodrošinājuma valsts aģentūra,,Čiekurkalna 1. līnija 1; k-2,Rīga,1026,A1,LV,LV,,,1,,Other,Y,,,U,LV006,Y,,,,35330000,35,,,Y,1,0,136368.0,136368,136368,N,OPE,,0,L,100,,,N,16,7445985,,,N,,SIA “ZOMMERS”,,Kr. Barona iela 31,Rīga,1011,LV,,9,,1,,,,,,15152,15152,N,31.05.2016;;;
2016203250,ted.europa.eu/udl?uri=TED:NOTICE:203250-2016:TEXT:EN:HTML,2016,3,10.06.2016,R208.S2,0,0,,Nodrošinājuma valsts aģentūra,,Čiekurkalna 1. līnija 1; k-2,Rīga,1026,A1,LV,LV,,,1,,Other,Y,,,U,LV006,Y,,Y,,35330000,35,,,Y,1,0,136368.0,136368,136368,N,OPE,,0,L,100,,,N,16,7445985,,,N,,SIA “ZOMMERS”,,Kr. Barona iela 31,Rīga,1011,LV,,9,,1,,,,,,15152,15152,N,31.05.2016;;;
2016203358,ted.europa.eu/udl?uri=TED:NOTICE:203358-2016:TEXT:EN:HTML,2016,3,13.06.2016,R208.S2,0,0,,Maksu- ja Tolliamet,70000349,Lõõtsa 8a,Tallinn,15176,A1,EE,EE,,,1,,Economical anf Financial Affairs,N,,,U,EE,N,,,,35125000,35,,,N,1,0,905880.51,905880.51,905880.51,N,NOC,,0,M,,Tööde kogumaksumus---Soodustus „Targa sadama” raames vabanevate seadmete osas.,90---10,N,1,7446472,,,N,,Aktsiaselts Alarmtec,,Töökoja tn 1,Tallinn,11313,EE,,1,,1,,,,,,905880.51,905880.51,,10.06.2016;;;;
2016210537,ted.europa.eu/udl?uri=TED:NOTICE:210537-2016:TEXT:EN:HTML,2016,3,17.06.2016,R208.S2,0,0,,Vidaus reikalų ministerija — Valstybės sienos apsaugos tarnyba,188608252,Savanorių pr. 2,Vilnius,03116,A1,LT,LT,,,1,,Public Order and Safety,N,,,W,,N,,,,35125000,45,,45222300---71320000,Y,4,1,1999880.36,1999880.36,1999880.36,N,OPE,,0,M,,Kaina---Sistemos garantinis laikotarpis (mėn.),80---20,N,1,7454631,1,,N,,Uždaroji akcinė bendrovė „Telekonta“,,Žemaitės g. 17,Vilnius,03118,LT,,1,Purvėnų užkardos sienos stebėjimo sistemos įrengimas,4,,,,,,1999880.36,1999880.36,Y,23.05.2016;;;;
2016233628,ted.europa.eu/udl?uri=TED:NOTICE:233628-2016:TEXT:EN:HTML,2016,3,06.07.2016,R208.S2,0,0,,Kaitsevägi,70008641,Juhkentali 58,Tallinn,15007,A1,EE,EE,,,1,,Defence,Y,,,U,EE,Y,,Y,,35810000,35,,,Y,3,0,438000.0,438000,438000,N,OPE,,0,M,,Maksumus---Kvaliteet,80---20,N,5,7506493,,,N,,Osaühing Imprek 93,,Vana – Mustamäe tee 67,Tallinn,11611,EE,,1,,9,,,,,438000,,438000,,04.07.2016;;;;
2016233628,ted.europa.eu/udl?uri=TED:NOTICE:233628-2016:TEXT:EN:HTML,2016,3,06.07.2016,R208.S2,0,0,,Kaitsevägi,70008641,Juhkentali 58,Tallinn,15007,A1,EE,EE,,,1,,Defence,Y,,,U,EE,Y,,Y,,35810000,35,,,Y,3,0,438000.0,438000,438000,N,OPE,,0,M,,Maksumus---Kvaliteet,80---20,N,5,7506494,,,N,,Aktsiaselts Galvi-Linda,,Tallinna 44,Viljandi,71008,EE,,2,,9,,,,,438000,,438000,,04.07.2016;;;;
2016233628,ted.europa.eu/udl?uri=TED:NOTICE:233628-2016:TEXT:EN:HTML,2016,3,06.07.2016,R208.S2,0,0,,Kaitsevägi,70008641,Juhkentali 58,Tallinn,15007,A1,EE,EE,,,1,,Defence,Y,,,U,EE,Y,,Y,,35810000,35,,,Y,3,0,438000.0,438000,438000,N,OPE,,0,M,,Maksumus---Kvaliteet,80---20,N,5,7506495,,,N,,Aktsiaselts Sangar,,Sõpruse pst 2,Tartu,46107,EE,,3,,9,,,,,438000,,438000,,04.07.2016;;;;
2016233628,ted.europa.eu/udl?uri=TED:NOTICE:233628-2016:TEXT:EN:HTML,2016,3,06.07.2016,R208.S2,0,0,,Kaitsevägi,70008641,Juhkentali 58,Tallinn,15007,A1,EE,EE,,,1,,Defence,Y,,,U,EE,Y,,Y,,35810000,35,,,Y,3,0,438000.0,438000,438000,N,OPE,,0,M,,Maksumus---Kvaliteet,80---20,N,5,7506496,,,N,,OÜ Bristol Trust,,Gonsiori tn 10a,Tallinn,10117,EE,,4,,9,,,,,438000,,438000,,04.07.2016;;;;
2016233628,ted.europa.eu/udl?uri=TED:NOTICE:233628-2016:TEXT:EN:HTML,2016,3,06.07.2016,R208.S2,0,0,,Kaitsevägi,70008641,Juhkentali 58,Tallinn,15007,A1,EE,EE,,,1,,Defence,Y,,,U,EE,Y,,Y,,35810000,35,,,Y,3,0,438000.0,438000,438000,N,OPE,,0,M,,Maksumus---Kvaliteet,80---20,N,5,7506497,,,N,,A la Carte Uniforms OÜ,,Töökoja tn 8,Tallinn,11313,EE,,5,,9,,,,,438000,,438000,,04.07.2016;;;;
2016248472,ted.europa.eu/udl?uri=TED:NOTICE:248472-2016:TEXT:EN:HTML,2016,3,14.07.2016,R208.S2,0,0,,Nodrošinājuma valsts aģentūra,,Čiekurkalna 1. līnija 1; k-2,Rīga,1026,A1,LV,LV,,,1,,Other,Y,,,U,LV006,N,,,,35200000,35,,,Y,1,0,325912.23,325912.23,325912.23,N,OPE,,0,L,100,,,N,45,7521705,,,N,,SIA “SKOG”,,Salacas iela 19-8,Rīga,1019,LV,,1,,4,,,,,,438.9,438.9,N,01.06.2016;;;
2016248472,ted.europa.eu/udl?uri=TED:NOTICE:248472-2016:TEXT:EN:HTML,2016,3,14.07.2016,R208.S2,0,0,,Nodrošinājuma valsts aģentūra,,Čiekurkalna 1. līnija 1; k-2,Rīga,1026,A1,LV,LV,,,1,,Other,Y,,,U,LV006,N,,,,35200000,35,,,Y,1,0,325912.23,325912.23,325912.23,N,OPE,,0,L,100,,,N,45,7521706,,,N,,“Baltic Armaments Co.; Ltd”,,Veerenni 56,Tallina,11313,EE,,2,,2,,,,,,11988,11988,N,01.06.2016;;
2016248472,ted.europa.eu/udl?uri=TED:NOTICE:248472-2016:TEXT:EN:HTML,2016,3,14.07.2016,R208.S2,0,0,,Nodrošinājuma valsts aģentūra,,Čiekurkalna 1. līnija 1; k-2,Rīga,1026,A1,LV,LV,,,1,,Other,Y,,,U,LV006,N,,,,35200000,35,,,Y,1,0,325912.23,325912.23,325912.23,N,OPE,,0,L,100,,,N,45,7521707,,,N,,“Baltic Armaments Co.; Ltd”,,Veerenni 56,Tallina,11313,EE,,3,,1,,,,,,4985,4985,N,01.06.2016;;
2016248472,ted.europa.eu/udl?uri=TED:NOTICE:248472-2016:TEXT:EN:HTML,2016,3,14.07.2016,R208.S2,0,0,,Nodrošinājuma valsts aģentūra,,Čiekurkalna 1. līnija 1; k-2,Rīga,1026,A1,LV,LV,,,1,,Other,Y,,,U,LV006,N,,,,35200000,35,,,Y,1,0,325912.23,325912.23,325912.23,N,OPE,,0,L,100,,,N,45,7521708,,,N,,“Baltic Armaments Co.; Ltd”,,Veerenni 56,Tallina,11313,EE,,4,,1,,,,,,14576,14576,N,01.06.2016;;
2016248472,ted.europa.eu/udl?uri=TED:NOTICE:248472-2016:TEXT:EN:HTML,2016,3,14.07.2016,R208.S2,0,0,,Nodrošinājuma valsts aģentūra,,Čiekurkalna 1. līnija 1; k-2,Rīga,1026,A1,LV,LV,,,1,,Other,Y,,,U,LV006,N,,,,35200000,35,,,Y,1,0,325912.23,325912.23,325912.23,N,OPE,,0,L,100,,,N,45,7521709,,,N,,SIA “Zommers”,,Kr. Barona iela 31,Rīga,1011,LV,,5,,4,,,,,,143,143,N,01.06.2016;;;
2016248472,ted.europa.eu/udl?uri=TED:NOTICE:248472-2016:TEXT:EN:HTML,2016,3,14.07.2016,R208.S2,0,0,,Nodrošinājuma valsts aģentūra,,Čiekurkalna 1. līnija 1; k-2,Rīga,1026,A1,LV,LV,,,1,,Other,Y,,,U,LV006,N,,,,35200000,35,,,Y,1,0,325912.23,325912.23,325912.23,N,OPE,,0,L,100,,,N,45,7521710,,,N,,SIA “Zommers”,,Kr. Barona iela 31,Rīga,1011,LV,,6,,2,,,,,,230,230,N,01.06.2016;;;
2016248472,ted.europa.eu/udl?uri=TED:NOTICE:248472-2016:TEXT:EN:HTML,2016,3,14.07.2016,R208.S2,0,0,,Nodrošinājuma valsts aģentūra,,Čiekurkalna 1. līnija 1; k-2,Rīga,1026,A1,LV,LV,,,1,,Other,Y,,,U,LV006,N,,,,35200000,35,,,Y,1,0,325912.23,325912.23,325912.23,N,OPE,,0,L,100,,,N,45,7521711,,,N,,SIA “Zommers”,,Kr. Barona iela 31,Rīga,1011,LV,,7,,2,,,,,,1920,1920,N,01.06.2016;;;
2016248472,ted.europa.eu/udl?uri=TED:NOTICE:248472-2016:TEXT:EN:HTML,2016,3,14.07.2016,R208.S2,0,0,,Nodrošinājuma valsts aģentūra,,Čiekurkalna 1. līnija 1; k-2,Rīga,1026,A1,LV,LV,,,1,,Other,Y,,,U,LV006,N,,,,35200000,35,,,Y,1,0,325912.23,325912.23,325912.23,N,OPE,,0,L,100,,,N,45,7521712,,,N,,SIA “Arbor Medical Korporācija”,,Meistaru iela 7; Valdlauči,Ķekavas,1076,LV,,8,,2,,,,,,367.7,367.7,N,01.06.2016;;
2016248472,ted.europa.eu/udl?uri=TED:NOTICE:248472-2016:TEXT:EN:HTML,2016,3,14.07.2016,R208.S2,0,0,,Nodrošinājuma valsts aģentūra,,Čiekurkalna 1. līnija 1; k-2,Rīga,1026,A1,LV,LV,,,1,,Other,Y,,,U,LV006,N,,,,35200000,35,,,Y,1,0,325912.23,325912.23,325912.23,N,OPE,,0,L,100,,,N,45,7521713,,,N,,SIA “SKOG”,,Salacas iela 19-8,Rīga,1019,LV,,9,,3,,,,,,431.1,431.1,N,01.06.2016;;;
2016248472,ted.europa.eu/udl?uri=TED:NOTICE:248472-2016:TEXT:EN:HTML,2016,3,14.07.2016,R208.S2,0,0,,Nodrošinājuma valsts aģentūra,,Čiekurkalna 1. līnija 1; k-2,Rīga,1026,A1,LV,LV,,,1,,Other,Y,,,U,LV006,N,,,,35200000,35,,,Y,1,0,325912.23,325912.23,325912.23,N,OPE,,0,L,100,,,N,45,7521714,,,N,,“Baltic Armaments Co.;Ltd”,,Veerenni 56,Tallina,11313,EE,,10,,1,,,,,,107265,107265,N,01.06.2016;;
2016248472,ted.europa.eu/udl?uri=TED:NOTICE:248472-2016:TEXT:EN:HTML,2016,3,14.07.2016,R208.S2,0,0,,Nodrošinājuma valsts aģentūra,,Čiekurkalna 1. līnija 1; k-2,Rīga,1026,A1,LV,LV,,,1,,Other,Y,,,U,LV006,N,,,,35200000,35,,,Y,1,0,325912.23,325912.23,325912.23,N,OPE,,0,L,100,,,N,45,7521715,,,N,,“Baltic Armaments Co.; Ltd”,,Veerenni 56,Tallina,11313,EE,,11,,3,,,,,,1680,1680,N,01.06.2016;;
2016248472,ted.europa.eu/udl?uri=TED:NOTICE:248472-2016:TEXT:EN:HTML,2016,3,14.07.2016,R208.S2,0,0,,Nodrošinājuma valsts aģentūra,,Čiekurkalna 1. līnija 1; k-2,Rīga,1026,A1,LV,LV,,,1,,Other,Y,,,U,LV006,N,,,,35200000,35,,,Y,1,0,325912.23,325912.23,325912.23,N,OPE,,0,L,100,,,N,45,7521716,,,N,,“Baltic Armaments Co.; Ltd”,,Veerenni 56,Tallina,11313,EE,,12,,2,,,,,,105,105,N,01.06.2016;;
2016248472,ted.europa.eu/udl?uri=TED:NOTICE:248472-2016:TEXT:EN:HTML,2016,3,14.07.2016,R208.S2,0,0,,Nodrošinājuma valsts aģentūra,,Čiekurkalna 1. līnija 1; k-2,Rīga,1026,A1,LV,LV,,,1,,Other,Y,,,U,LV006,N,,,,35200000,35,,,Y,1,0,325912.23,325912.23,325912.23,N,OPE,,0,L,100,,,N,45,7521717,,,N,,“Baltic Armaments Co.; Ltd”,,Veerenni 56,Tallina,11313,EE,,13,,2,,,,,,109.5,109.5,N,01.06.2016;;
2016248472,ted.europa.eu/udl?uri=TED:NOTICE:248472-2016:TEXT:EN:HTML,2016,3,14.07.2016,R208.S2,0,0,,Nodrošinājuma valsts aģentūra,,Čiekurkalna 1. līnija 1; k-2,Rīga,1026,A1,LV,LV,,,1,,Other,Y,,,U,LV006,N,,,,35200000,35,,,Y,1,0,325912.23,325912.23,325912.23,N,OPE,,0,L,100,,,N,45,7521718,,,N,,SIA “Zommers”,,Kr. Barona iela 31,Rīga,1011,LV,,14,,2,,,,,,524.4,524.4,N,01.06.2016;;;
2016248472,ted.europa.eu/udl?uri=TED:NOTICE:248472-2016:TEXT:EN:HTML,2016,3,14.07.2016,R208.S2,0,0,,Nodrošinājuma valsts aģentūra,,Čiekurkalna 1. līnija 1; k-2,Rīga,1026,A1,LV,LV,,,1,,Other,Y,,,U,LV006,N,,,,35200000,35,,,Y,1,0,325912.23,325912.23,325912.23,N,OPE,,0,L,100,,,N,45,7521719,,,N,,“Baltic Armaments Co.; Ltd”,,Veerenni 56,Tallina,11313,EE,,15,,2,,,,,,109.5,109.5,N,01.06.2016;;
2016248472,ted.europa.eu/udl?uri=TED:NOTICE:248472-2016:TEXT:EN:HTML,2016,3,14.07.2016,R208.S2,0,0,,Nodrošinājuma valsts aģentūra,,Čiekurkalna 1. līnija 1; k-2,Rīga,1026,A1,LV,LV,,,1,,Other,Y,,,U,LV006,N,,,,35200000,35,,,Y,1,0,325912.23,325912.23,325912.23,N,OPE,,0,L,100,,,N,45,7521720,,,N,,“Baltic Armaments Co.; Ltd”,,Veerenni 56,Tallina,11313,EE,,16,,1,,,,,,1942.5,1942.5,N,01.06.2016;;
2016248472,ted.europa.eu/udl?uri=TED:NOTICE:248472-2016:TEXT:EN:HTML,2016,3,14.07.2016,R208.S2,0,0,,Nodrošinājuma valsts aģentūra,,Čiekurkalna 1. līnija 1; k-2,Rīga,1026,A1,LV,LV,,,1,,Other,Y,,,U,LV006,N,,,,35200000,35,,,Y,1,0,325912.23,325912.23,325912.23,N,OPE,,0,L,100,,,N,45,7521721,,,N,,“Baltic Armaments Co.; Ltd”,,Veerenni 56,Tallina,11313,EE,,17,,1,,,,,,372.75,372.75,N,01.06.2016;;
2016248472,ted.europa.eu/udl?uri=TED:NOTICE:248472-2016:TEXT:EN:HTML,2016,3,14.07.2016,R208.S2,0,0,,Nodrošinājuma valsts aģentūra,,Čiekurkalna 1. līnija 1; k-2,Rīga,1026,A1,LV,LV,,,1,,Other,Y,,,U,LV006,N,,,,35200000,35,,,Y,1,0,325912.23,325912.23,325912.23,N,OPE,,0,L,100,,,N,45,7521722,,,N,,“Baltic Armaments Co.; Ltd”,,Veerenni 56,Tallina,11313,EE,,18,,1,,,,,,1497.5,1497.5,N,01.06.2016;;
2016248472,ted.europa.eu/udl?uri=TED:NOTICE:248472-2016:TEXT:EN:HTML,2016,3,14.07.2016,R208.S2,0,0,,Nodrošinājuma valsts aģentūra,,Čiekurkalna 1. līnija 1; k-2,Rīga,1026,A1,LV,LV,,,1,,Other,Y,,,U,LV006,N,,,,35200000,35,,,Y,1,0,325912.23,325912.23,325912.23,N,OPE,,0,L,100,,,N,45,7521723,,,N,,“Baltic Armaments Co.; Ltd”,,Veerenni 56,Tallina,11313,EE,,19,,1,,,,,,17850,17850,N,01.06.2016;;
2016248472,ted.europa.eu/udl?uri=TED:NOTICE:248472-2016:TEXT:EN:HTML,2016,3,14.07.2016,R208.S2,0,0,,Nodrošinājuma valsts aģentūra,,Čiekurkalna 1. līnija 1; k-2,Rīga,1026,A1,LV,LV,,,1,,Other,Y,,,U,LV006,N,,,,35200000,35,,,Y,1,0,325912.23,325912.23,325912.23,N,OPE,,0,L,100,,,N,45,7521724,,,N,,“Baltic Armaments Co.; Ltd”,,Veerenni 56,Tallina,11313,EE,,20,,2,,,,,,9996,9996,N,01.06.2016;;
2016248472,ted.europa.eu/udl?uri=TED:NOTICE:248472-2016:TEXT:EN:HTML,2016,3,14.07.2016,R208.S2,0,0,,Nodrošinājuma valsts aģentūra,,Čiekurkalna 1. līnija 1; k-2,Rīga,1026,A1,LV,LV,,,1,,Other,Y,,,U,LV006,N,,,,35200000,35,,,Y,1,0,325912.23,325912.23,325912.23,N,OPE,,0,L,100,,,N,45,7521725,,,N,,“Baltic Armaments Co.; Ltd”,,Veerenni 56,Tallina,11313,EE,,21,,1,,,,,,7434,7434,N,01.06.2016;;
2016248472,ted.europa.eu/udl?uri=TED:NOTICE:248472-2016:TEXT:EN:HTML,2016,3,14.07.2016,R208.S2,0,0,,Nodrošinājuma valsts aģentūra,,Čiekurkalna 1. līnija 1; k-2,Rīga,1026,A1,LV,LV,,,1,,Other,Y,,,U,LV006,N,,,,35200000,35,,,Y,1,0,325912.23,325912.23,325912.23,N,OPE,,0,L,100,,,N,45,7521726,,,N,,SIA “Zommers”,,Kr. Barona iela 31,Rīga,1011,LV,,22,,2,,,,,,2200,2200,N,01.06.2016;;;
2016248472,ted.europa.eu/udl?uri=TED:NOTICE:248472-2016:TEXT:EN:HTML,2016,3,14.07.2016,R208.S2,0,0,,Nodrošinājuma valsts aģentūra,,Čiekurkalna 1. līnija 1; k-2,Rīga,1026,A1,LV,LV,,,1,,Other,Y,,,U,LV006,N,,,,35200000,35,,,Y,1,0,325912.23,325912.23,325912.23,N,OPE,,0,L,100,,,N,45,7521727,,,N,,SIA “Zommers”,,Kr. Barona iela 31,Rīga,1011,LV,,23,,2,,,,,,2987.5,2987.5,N,01.06.2016;;;
2016248472,ted.europa.eu/udl?uri=TED:NOTICE:248472-2016:TEXT:EN:HTML,2016,3,14.07.2016,R208.S2,0,0,,Nodrošinājuma valsts aģentūra,,Čiekurkalna 1. līnija 1; k-2,Rīga,1026,A1,LV,LV,,,1,,Other,Y,,,U,LV006,N,,,,35200000,35,,,Y,1,0,325912.23,325912.23,325912.23,N,OPE,,0,L,100,,,N,45,7521728,,,N,,SIA “Zommers”,,Kr. Barona iela 31,Rīga,1011,LV,,24,,3,,,,,,690.8,690.8,N,01.06.2016;;;
2016248472,ted.europa.eu/udl?uri=TED:NOTICE:248472-2016:TEXT:EN:HTML,2016,3,14.07.2016,R208.S2,0,0,,Nodrošinājuma valsts aģentūra,,Čiekurkalna 1. līnija 1; k-2,Rīga,1026,A1,LV,LV,,,1,,Other,Y,,,U,LV006,N,,,,35200000,35,,,Y,1,0,325912.23,325912.23,325912.23,N,OPE,,0,L,100,,,N,45,7521729,,,N,,SIA “Vavise”,,Elijas iela 11-1,Rīga,1050,LV,,25,,3,,,,,,4626,4626,N,01.06.2016;;;
2016248472,ted.europa.eu/udl?uri=TED:NOTICE:248472-2016:TEXT:EN:HTML,2016,3,14.07.2016,R208.S2,0,0,,Nodrošinājuma valsts aģentūra,,Čiekurkalna 1. līnija 1; k-2,Rīga,1026,A1,LV,LV,,,1,,Other,Y,,,U,LV006,N,,,,35200000,35,,,Y,1,0,325912.23,325912.23,325912.23,N,OPE,,0,L,100,,,N,45,7521730,,,N,,“Baltic Armaments Co.; Ltd”,,Veerenni 56,Tallina,11313,EE,,26,,2,,,,,,3661,3661,N,01.06.2016;;
2016248472,ted.europa.eu/udl?uri=TED:NOTICE:248472-2016:TEXT:EN:HTML,2016,3,14.07.2016,R208.S2,0,0,,Nodrošinājuma valsts aģentūra,,Čiekurkalna 1. līnija 1; k-2,Rīga,1026,A1,LV,LV,,,1,,Other,Y,,,U,LV006,N,,,,35200000,35,,,Y,1,0,325912.23,325912.23,325912.23,N,OPE,,0,L,100,,,N,45,7521731,,,N,,“Baltic Armaments Co.; Ltd”,,Veerenni 56,Tallina,11313,EE,,27,,1,,,,,,17850,17850,N,01.06.2016;;
2016248472,ted.europa.eu/udl?uri=TED:NOTICE:248472-2016:TEXT:EN:HTML,2016,3,14.07.2016,R208.S2,0,0,,Nodrošinājuma valsts aģentūra,,Čiekurkalna 1. līnija 1; k-2,Rīga,1026,A1,LV,LV,,,1,,Other,Y,,,U,LV006,N,,,,35200000,35,,,Y,1,0,325912.23,325912.23,325912.23,N,OPE,,0,L,100,,,N,45,7521732,,,N,,“Baltic Armaments Co.; Ltd”,,Veerenni 56,Tallina,11313,EE,,28,,1,,,,,,5050,5050,N,01.06.2016;;
2016248472,ted.europa.eu/udl?uri=TED:NOTICE:248472-2016:TEXT:EN:HTML,2016,3,14.07.2016,R208.S2,0,0,,Nodrošinājuma valsts aģentūra,,Čiekurkalna 1. līnija 1; k-2,Rīga,1026,A1,LV,LV,,,1,,Other,Y,,,U,LV006,N,,,,35200000,35,,,Y,1,0,325912.23,325912.23,325912.23,N,OPE,,0,L,100,,,N,45,7521733,,,N,,SIA “Zommers”,,Kr. Barona iela 31,Rīga,1011,LV,,29,,2,,,,,,780,780,N,01.06.2016;;;
2016248472,ted.europa.eu/udl?uri=TED:NOTICE:248472-2016:TEXT:EN:HTML,2016,3,14.07.2016,R208.S2,0,0,,Nodrošinājuma valsts aģentūra,,Čiekurkalna 1. līnija 1; k-2,Rīga,1026,A1,LV,LV,,,1,,Other,Y,,,U,LV006,N,,,,35200000,35,,,Y,1,0,325912.23,325912.23,325912.23,N,OPE,,0,L,100,,,N,45,7521734,,,N,,SIA “Zommers”,,Kr. Barona iela 31,Rīga,1011,LV,,30,,2,,,,,,4796,4796,N,01.06.2016;;;
2016248472,ted.europa.eu/udl?uri=TED:NOTICE:248472-2016:TEXT:EN:HTML,2016,3,14.07.2016,R208.S2,0,0,,Nodrošinājuma valsts aģentūra,,Čiekurkalna 1. līnija 1; k-2,Rīga,1026,A1,LV,LV,,,1,,Other,Y,,,U,LV006,N,,,,35200000,35,,,Y,1,0,325912.23,325912.23,325912.23,N,OPE,,0,L,100,,,N,45,7521735,,,N,,SIA “Zommers”,,Kr. Barona iela 31,Rīga,1011,LV,,31,,2,,,,,,1237.5,1237.5,N,01.06.2016;;;
2016248472,ted.europa.eu/udl?uri=TED:NOTICE:248472-2016:TEXT:EN:HTML,2016,3,14.07.2016,R208.S2,0,0,,Nodrošinājuma valsts aģentūra,,Čiekurkalna 1. līnija 1; k-2,Rīga,1026,A1,LV,LV,,,1,,Other,Y,,,U,LV006,N,,,,35200000,35,,,Y,1,0,325912.23,325912.23,325912.23,N,OPE,,0,L,100,,,N,45,7521736,,,N,,SIA “Zommers”,,Kr. Barona iela 31,Rīga,1011,LV,,32,,2,,,,,,2149.5,2149.5,N,01.06.2016;;;
2016248472,ted.europa.eu/udl?uri=TED:NOTICE:248472-2016:TEXT:EN:HTML,2016,3,14.07.2016,R208.S2,0,0,,Nodrošinājuma valsts aģentūra,,Čiekurkalna 1. līnija 1; k-2,Rīga,1026,A1,LV,LV,,,1,,Other,Y,,,U,LV006,N,,,,35200000,35,,,Y,1,0,325912.23,325912.23,325912.23,N,OPE,,0,L,100,,,N,45,7521737,,,N,,“Baltic Armaments Co.; Ltd”,,Veerenni 56,Tallina,11313,EE,,33,,1,,,,,,119.5,119.5,N,01.06.2016;;
2016248472,ted.europa.eu/udl?uri=TED:NOTICE:248472-2016:TEXT:EN:HTML,2016,3,14.07.2016,R208.S2,0,0,,Nodrošinājuma valsts aģentūra,,Čiekurkalna 1. līnija 1; k-2,Rīga,1026,A1,LV,LV,,,1,,Other,Y,,,U,LV006,N,,,,35200000,35,,,Y,1,0,325912.23,325912.23,325912.23,N,OPE,,0,L,100,,,N,45,7521738,,,N,,SIA “Zommers”,,Kr. Barona iela 31,Rīga,1011,LV,,34,,1,,,,,,13944,13944,N,01.06.2016;;;
2016248472,ted.europa.eu/udl?uri=TED:NOTICE:248472-2016:TEXT:EN:HTML,2016,3,14.07.2016,R208.S2,0,0,,Nodrošinājuma valsts aģentūra,,Čiekurkalna 1. līnija 1; k-2,Rīga,1026,A1,LV,LV,,,1,,Other,Y,,,U,LV006,N,,,,35200000,35,,,Y,1,0,325912.23,325912.23,325912.23,N,OPE,,0,L,100,,,N,45,7521739,,,N,,“Baltic Armaments Co.; Ltd”,,Veerenni 56,Tallina,11313,EE,,35,,1,,,,,,1950,1950,N,01.06.2016;;
2016248472,ted.europa.eu/udl?uri=TED:NOTICE:248472-2016:TEXT:EN:HTML,2016,3,14.07.2016,R208.S2,0,0,,Nodrošinājuma valsts aģentūra,,Čiekurkalna 1. līnija 1; k-2,Rīga,1026,A1,LV,LV,,,1,,Other,Y,,,U,LV006,N,,,,35200000,35,,,Y,1,0,325912.23,325912.23,325912.23,N,OPE,,0,L,100,,,N,45,7521740,,,N,,SIA “Zommers”,,Kr. Barona iela 31,Rīga,1011,LV,,36,,1,,,,,,280,280,N,01.06.2016;;;
2016248472,ted.europa.eu/udl?uri=TED:NOTICE:248472-2016:TEXT:EN:HTML,2016,3,14.07.2016,R208.S2,0,0,,Nodrošinājuma valsts aģentūra,,Čiekurkalna 1. līnija 1; k-2,Rīga,1026,A1,LV,LV,,,1,,Other,Y,,,U,LV006,N,,,,35200000,35,,,Y,1,0,325912.23,325912.23,325912.23,N,OPE,,0,L,100,,,N,45,7521741,,,N,,SIA “Zommers”,,Kr. Barona iela 31,Rīga,1011,LV,,37,,1,,,,,,3520,3520,N,01.06.2016;;;
2016248472,ted.europa.eu/udl?uri=TED:NOTICE:248472-2016:TEXT:EN:HTML,2016,3,14.07.2016,R208.S2,0,0,,Nodrošinājuma valsts aģentūra,,Čiekurkalna 1. līnija 1; k-2,Rīga,1026,A1,LV,LV,,,1,,Other,Y,,,U,LV006,N,,,,35200000,35,,,Y,1,0,325912.23,325912.23,325912.23,N,OPE,,0,L,100,,,N,45,7521742,,,N,,SIA “Zommers”,,Kr. Barona iela 31,Rīga,1011,LV,,38,,1,,,,,,6282,6282,N,01.06.2016;;;
2016248472,ted.europa.eu/udl?uri=TED:NOTICE:248472-2016:TEXT:EN:HTML,2016,3,14.07.2016,R208.S2,0,0,,Nodrošinājuma valsts aģentūra,,Čiekurkalna 1. līnija 1; k-2,Rīga,1026,A1,LV,LV,,,1,,Other,Y,,,U,LV006,N,,,,35200000,35,,,Y,1,0,325912.23,325912.23,325912.23,N,OPE,,0,L,100,,,N,45,7521743,,,N,,SIA “SKOG”,,Salacas iela 19-8,Rīga,1019,LV,,39,,1,,,,,,6282,6282,N,01.06.2016;;;
2016248472,ted.europa.eu/udl?uri=TED:NOTICE:248472-2016:TEXT:EN:HTML,2016,3,14.07.2016,R208.S2,0,0,,Nodrošinājuma valsts aģentūra,,Čiekurkalna 1. līnija 1; k-2,Rīga,1026,A1,LV,LV,,,1,,Other,Y,,,U,LV006,N,,,,35200000,35,,,Y,1,0,325912.23,325912.23,325912.23,N,OPE,,0,L,100,,,N,45,7521744,,,N,,SIA “Zommers”,,Kr. Barona iela 31,Rīga,1011,LV,,40,,1,,,,,,6368,6368,N,01.06.2016;;;
2016248472,ted.europa.eu/udl?uri=TED:NOTICE:248472-2016:TEXT:EN:HTML,2016,3,14.07.2016,R208.S2,0,0,,Nodrošinājuma valsts aģentūra,,Čiekurkalna 1. līnija 1; k-2,Rīga,1026,A1,LV,LV,,,1,,Other,Y,,,U,LV006,N,,,,35200000,35,,,Y,1,0,325912.23,325912.23,325912.23,N,OPE,,0,L,100,,,N,45,7521745,,,N,,SIA “Arbor Medical Korporācija”,,Meistaru iela 7; Valdlauči,Ķekavas,1076,LV,,41,,1,,,,,,591.4,591.4,N,01.06.2016;;
2016248472,ted.europa.eu/udl?uri=TED:NOTICE:248472-2016:TEXT:EN:HTML,2016,3,14.07.2016,R208.S2,0,0,,Nodrošinājuma valsts aģentūra,,Čiekurkalna 1. līnija 1; k-2,Rīga,1026,A1,LV,LV,,,1,,Other,Y,,,U,LV006,N,,,,35200000,35,,,Y,1,0,325912.23,325912.23,325912.23,N,OPE,,0,L,100,,,N,45,7521746,,,N,,UAB “Arveka”,,L. Stuokos-Gucevičiaus 9-6,Viļņa,01122,LT,,42,,1,,,,,,32960,32960,N,01.06.2016;;;
2016248472,ted.europa.eu/udl?uri=TED:NOTICE:248472-2016:TEXT:EN:HTML,2016,3,14.07.2016,R208.S2,0,0,,Nodrošinājuma valsts aģentūra,,Čiekurkalna 1. līnija 1; k-2,Rīga,1026,A1,LV,LV,,,1,,Other,Y,,,U,LV006,N,,,,35200000,35,,,Y,1,0,325912.23,325912.23,325912.23,N,OPE,,0,L,100,,,N,45,7521747,,,N,,“Baltic Armaments Co.; Ltd”,,Veerenni 56,Tallina,11313,EE,,43,,1,,,,,,19072,19072,N,01.06.2016;;
2016248472,ted.europa.eu/udl?uri=TED:NOTICE:248472-2016:TEXT:EN:HTML,2016,3,14.07.2016,R208.S2,0,0,,Nodrošinājuma valsts aģentūra,,Čiekurkalna 1. līnija 1; k-2,Rīga,1026,A1,LV,LV,,,1,,Other,Y,,,U,LV006,N,,,,35200000,35,,,Y,1,0,325912.23,325912.23,325912.23,N,OPE,,0,L,100,,,N,45,7521748,,,N,,SIA “Arbor Medical Korporācija”,,Meistaru iela 7; Valdlauči,Ķekavas,1076,LV,,44,,2,,,,,,2331.5,2331.5,N,01.06.2016;;
2016248472,ted.europa.eu/udl?uri=TED:NOTICE:248472-2016:TEXT:EN:HTML,2016,3,14.07.2016,R208.S2,0,0,,Nodrošinājuma valsts aģentūra,,Čiekurkalna 1. līnija 1; k-2,Rīga,1026,A1,LV,LV,,,1,,Other,Y,,,U,LV006,N,,,,35200000,35,,,Y,1,0,325912.23,325912.23,325912.23,N,OPE,,0,L,100,,,N,45,7521749,,,N,,SIA “Arbor Medical Korporācija”,,Meistaru iela 7; Valdlauči,Ķekavas,1076,LV,,45,,2,,,,,,2217.68,2217.68,N,01.06.2016;;
2016248481,ted.europa.eu/udl?uri=TED:NOTICE:248481-2016:TEXT:EN:HTML,2016,3,14.07.2016,R208.S2,0,0,,Valsts ugunsdzēsības un glābšanas dienests,,Maskavas iela 5,Rīga,1050,A1,LV,LV,,,1,,Public Order and Safety,N,,,U,LV006,N,,,,35110000,35,,,Y,1,0,2357.91,2357.91,2357.91,N,OPE,,0,L,100,,,N,7,7521799,,,N,,SIA Iskada,,Krustpils iela 12A,Rīga,1073,LV,,1,,1,,,,,119.75,119.75,119.75,N,06.07.2016;;;;
2016248481,ted.europa.eu/udl?uri=TED:NOTICE:248481-2016:TEXT:EN:HTML,2016,3,14.07.2016,R208.S2,0,0,,Valsts ugunsdzēsības un glābšanas dienests,,Maskavas iela 5,Rīga,1050,A1,LV,LV,,,1,,Public Order and Safety,N,,,U,LV006,N,,,,35110000,35,,,Y,1,0,2357.91,2357.91,2357.91,N,OPE,,0,L,100,,,N,7,7521800,,,N,,SIA Iskada,,Krustpils iela 12A,Rīga,1073,LV,,2,,1,,,,,241.64,241.64,241.64,N,06.07.2016;;;;
2016248481,ted.europa.eu/udl?uri=TED:NOTICE:248481-2016:TEXT:EN:HTML,2016,3,14.07.2016,R208.S2,0,0,,Valsts ugunsdzēsības un glābšanas dienests,,Maskavas iela 5,Rīga,1050,A1,LV,LV,,,1,,Public Order and Safety,N,,,U,LV006,N,,,,35110000,35,,,Y,1,0,2357.91,2357.91,2357.91,N,OPE,,0,L,100,,,N,7,7521801,,,N,,SIA Iskada,,Krustpils iela 12A,Rīga,1073,LV,,3,,1,,,,,73.5,73.5,73.5,N,06.07.2016;;;;
2016248481,ted.europa.eu/udl?uri=TED:NOTICE:248481-2016:TEXT:EN:HTML,2016,3,14.07.2016,R208.S2,0,0,,Valsts ugunsdzēsības un glābšanas dienests,,Maskavas iela 5,Rīga,1050,A1,LV,LV,,,1,,Public Order and Safety,N,,,U,LV006,N,,,,35110000,35,,,Y,1,0,2357.91,2357.91,2357.91,N,OPE,,0,L,100,,,N,7,7521802,,,N,,SIA Iskada,,Krustpils iela 12A,Rīga,1073,LV,,4,,2,,,,,270.52,270.52,270.52,N,06.07.2016;;;;
2016248481,ted.europa.eu/udl?uri=TED:NOTICE:248481-2016:TEXT:EN:HTML,2016,3,14.07.2016,R208.S2,0,0,,Valsts ugunsdzēsības un glābšanas dienests,,Maskavas iela 5,Rīga,1050,A1,LV,LV,,,1,,Public Order and Safety,N,,,U,LV006,N,,,,35110000,35,,,Y,1,0,2357.91,2357.91,2357.91,N,OPE,,0,L,100,,,N,7,7521803,,,N,,SIA Iskada,,Krustpils iela 12A,Rīga,1073,LV,,5,,2,,,,,417.5,417.5,417.5,N,06.07.2016;;;;
2016248481,ted.europa.eu/udl?uri=TED:NOTICE:248481-2016:TEXT:EN:HTML,2016,3,14.07.2016,R208.S2,0,0,,Valsts ugunsdzēsības un glābšanas dienests,,Maskavas iela 5,Rīga,1050,A1,LV,LV,,,1,,Public Order and Safety,N,,,U,LV006,N,,,,35110000,35,,,Y,1,0,2357.91,2357.91,2357.91,N,OPE,,0,L,100,,,N,7,7521804,,,N,,SIA Iskada,,Krustpils iela 12A,Rīga,1073,LV,,6,,1,,,,,860,860,860,N,06.07.2016;;;;
2016248481,ted.europa.eu/udl?uri=TED:NOTICE:248481-2016:TEXT:EN:HTML,2016,3,14.07.2016,R208.S2,0,0,,Valsts ugunsdzēsības un glābšanas dienests,,Maskavas iela 5,Rīga,1050,A1,LV,LV,,,1,,Public Order and Safety,N,,,U,LV006,N,,,,35110000,35,,,Y,1,0,2357.91,2357.91,2357.91,N,OPE,,0,L,100,,,N,7,7521805,,,N,,SIA Iskada,,Krustpils iela 12A,Rīga,1073,LV,,7,,1,,,,,375,375,375,N,06.07.2016;;;;
2016248485,ted.europa.eu/udl?uri=TED:NOTICE:248485-2016:TEXT:EN:HTML,2016,3,14.07.2016,R208.S2,0,0,,Nodrošinājuma valsts aģentūra,,Čiekurkalna 1. līnija 1; k-2,Rīga,1026,A1,LV,LV,,,1,,Other,Y,,,U,LV006,N,,,,35000000,35,,,Y,1,0,367237.4,367237.4,367237.4,N,OPE,,0,L,100,,,N,20,7521814,,,N,,SIA “ARMA-A”,,Brīvības iela 45,Rīga,1010,LV,,1,,1,,,,,,7800,7800,N,31.05.2016;;;
2016248485,ted.europa.eu/udl?uri=TED:NOTICE:248485-2016:TEXT:EN:HTML,2016,3,14.07.2016,R208.S2,0,0,,Nodrošinājuma valsts aģentūra,,Čiekurkalna 1. līnija 1; k-2,Rīga,1026,A1,LV,LV,,,1,,Other,Y,,,U,LV006,N,,,,35000000,35,,,Y,1,0,367237.4,367237.4,367237.4,N,OPE,,0,L,100,,,N,20,7521815,,,N,,SIA “ARMA-A”,,Brīvības iela 45,Rīga,1010,LV,,2,,1,,,,,,54080,54080,N,31.05.2016;;;
2016248485,ted.europa.eu/udl?uri=TED:NOTICE:248485-2016:TEXT:EN:HTML,2016,3,14.07.2016,R208.S2,0,0,,Nodrošinājuma valsts aģentūra,,Čiekurkalna 1. līnija 1; k-2,Rīga,1026,A1,LV,LV,,,1,,Other,Y,,,U,LV006,N,,,,35000000,35,,,Y,1,0,367237.4,367237.4,367237.4,N,OPE,,0,L,100,,,N,20,7521816,,,N,,SIA “Baltic Fox”,,Raua ielā 1,Tallina,10124,EE,,3,,1,,,,,,191290,191290,N,31.05.2016;;;
2016248485,ted.europa.eu/udl?uri=TED:NOTICE:248485-2016:TEXT:EN:HTML,2016,3,14.07.2016,R208.S2,0,0,,Nodrošinājuma valsts aģentūra,,Čiekurkalna 1. līnija 1; k-2,Rīga,1026,A1,LV,LV,,,1,,Other,Y,,,U,LV006,N,,,,35000000,35,,,Y,1,0,367237.4,367237.4,367237.4,N,OPE,,0,L,100,,,N,20,7521817,,,N,,“Baltic Armaments Co.; Ltd”,,Veerenni 56,Tallina,11313,EE,,4,,1,,,,,,4750,4750,N,31.05.2016;;
2016248485,ted.europa.eu/udl?uri=TED:NOTICE:248485-2016:TEXT:EN:HTML,2016,3,14.07.2016,R208.S2,0,0,,Nodrošinājuma valsts aģentūra,,Čiekurkalna 1. līnija 1; k-2,Rīga,1026,A1,LV,LV,,,1,,Other,Y,,,U,LV006,N,,,,35000000,35,,,Y,1,0,367237.4,367237.4,367237.4,N,OPE,,0,L,100,,,N,20,7521818,,,N,,“Baltic Armaments Co.; Ltd”,,Veerenni 56,Tallina,11313,EE,,5,,2,,,,,,3818.5,3818.5,N,31.05.2016;;
2016248485,ted.europa.eu/udl?uri=TED:NOTICE:248485-2016:TEXT:EN:HTML,2016,3,14.07.2016,R208.S2,0,0,,Nodrošinājuma valsts aģentūra,,Čiekurkalna 1. līnija 1; k-2,Rīga,1026,A1,LV,LV,,,1,,Other,Y,,,U,LV006,N,,,,35000000,35,,,Y,1,0,367237.4,367237.4,367237.4,N,OPE,,0,L,100,,,N,20,7521819,,,N,,SIA “Zommers”,,Kr. Barona iela 31,Rīga,1011,LV,,6,,1,,,,,,3140,3140,N,31.05.2016;;;
2016248485,ted.europa.eu/udl?uri=TED:NOTICE:248485-2016:TEXT:EN:HTML,2016,3,14.07.2016,R208.S2,0,0,,Nodrošinājuma valsts aģentūra,,Čiekurkalna 1. līnija 1; k-2,Rīga,1026,A1,LV,LV,,,1,,Other,Y,,,U,LV006,N,,,,35000000,35,,,Y,1,0,367237.4,367237.4,367237.4,N,OPE,,0,L,100,,,N,20,7521820,,,N,,“Baltic Armaments Co.; Ltd”,,Veerenni 56,Tallina,11313,EE,,7,,2,,,,,,4997.5,4997.5,N,31.05.2016;;
2016248485,ted.europa.eu/udl?uri=TED:NOTICE:248485-2016:TEXT:EN:HTML,2016,3,14.07.2016,R208.S2,0,0,,Nodrošinājuma valsts aģentūra,,Čiekurkalna 1. līnija 1; k-2,Rīga,1026,A1,LV,LV,,,1,,Other,Y,,,U,LV006,N,,,,35000000,35,,,Y,1,0,367237.4,367237.4,367237.4,N,OPE,,0,L,100,,,N,20,7521821,,,N,,SIA “Zommers”,,Kr. Barona iela 31,Rīga,1011,LV,,8,,3,,,,,,15120,15120,N,31.05.2016;;;
2016248485,ted.europa.eu/udl?uri=TED:NOTICE:248485-2016:TEXT:EN:HTML,2016,3,14.07.2016,R208.S2,0,0,,Nodrošinājuma valsts aģentūra,,Čiekurkalna 1. līnija 1; k-2,Rīga,1026,A1,LV,LV,,,1,,Other,Y,,,U,LV006,N,,,,35000000,35,,,Y,1,0,367237.4,367237.4,367237.4,N,OPE,,0,L,100,,,N,20,7521822,,,N,,“Baltic Armaments Co.; Ltd”,,Veerenni 56,Tallina,11313,EE,,9,,1,,,,,,12975,12975,N,31.05.2016;;
2016248485,ted.europa.eu/udl?uri=TED:NOTICE:248485-2016:TEXT:EN:HTML,2016,3,14.07.2016,R208.S2,0,0,,Nodrošinājuma valsts aģentūra,,Čiekurkalna 1. līnija 1; k-2,Rīga,1026,A1,LV,LV,,,1,,Other,Y,,,U,LV006,N,,,,35000000,35,,,Y,1,0,367237.4,367237.4,367237.4,N,OPE,,0,L,100,,,N,20,7521823,,,N,,SIA “Purnavu muiža”,,“Mārtiņmuiža”,Mārupes,2167,LV,,10,,2,,,,,,1994.4,1994.4,N,31.05.2016;;;
2016248485,ted.europa.eu/udl?uri=TED:NOTICE:248485-2016:TEXT:EN:HTML,2016,3,14.07.2016,R208.S2,0,0,,Nodrošinājuma valsts aģentūra,,Čiekurkalna 1. līnija 1; k-2,Rīga,1026,A1,LV,LV,,,1,,Other,Y,,,U,LV006,N,,,,35000000,35,,,Y,1,0,367237.4,367237.4,367237.4,N,OPE,,0,L,100,,,N,20,7521824,,,N,,SIA “Zommers”,,Kr. Barona iela 31,Rīga,1011,LV,,11,,3,,,,,,8550,8550,N,31.05.2016;;;
2016248485,ted.europa.eu/udl?uri=TED:NOTICE:248485-2016:TEXT:EN:HTML,2016,3,14.07.2016,R208.S2,0,0,,Nodrošinājuma valsts aģentūra,,Čiekurkalna 1. līnija 1; k-2,Rīga,1026,A1,LV,LV,,,1,,Other,Y,,,U,LV006,N,,,,35000000,35,,,Y,1,0,367237.4,367237.4,367237.4,N,OPE,,0,L,100,,,N,20,7521825,,,N,,SIA “KEMEK”,,Augstrozes iela 1,Rīga,1026,LV,,12,,3,,,,,,7636,7636,N,31.05.2016;;;
2016248485,ted.europa.eu/udl?uri=TED:NOTICE:248485-2016:TEXT:EN:HTML,2016,3,14.07.2016,R208.S2,0,0,,Nodrošinājuma valsts aģentūra,,Čiekurkalna 1. līnija 1; k-2,Rīga,1026,A1,LV,LV,,,1,,Other,Y,,,U,LV006,N,,,,35000000,35,,,Y,1,0,367237.4,367237.4,367237.4,N,OPE,,0,L,100,,,N,20,7521826,,,N,,“Baltic Armaments Co.; Ltd”,,Veerenni 56,Tallina,11313,EE,,13,,2,,,,,,10800,10800,N,31.05.2016;;
2016248485,ted.europa.eu/udl?uri=TED:NOTICE:248485-2016:TEXT:EN:HTML,2016,3,14.07.2016,R208.S2,0,0,,Nodrošinājuma valsts aģentūra,,Čiekurkalna 1. līnija 1; k-2,Rīga,1026,A1,LV,LV,,,1,,Other,Y,,,U,LV006,N,,,,35000000,35,,,Y,1,0,367237.4,367237.4,367237.4,N,OPE,,0,L,100,,,N,20,7521827,,,N,,SIA “Zommers”,,Kr. Barona iela 31,Rīga,1011,LV,,14,,2,,,,,,3955.5,3955.5,N,31.05.2016;;;
2016248485,ted.europa.eu/udl?uri=TED:NOTICE:248485-2016:TEXT:EN:HTML,2016,3,14.07.2016,R208.S2,0,0,,Nodrošinājuma valsts aģentūra,,Čiekurkalna 1. līnija 1; k-2,Rīga,1026,A1,LV,LV,,,1,,Other,Y,,,U,LV006,N,,,,35000000,35,,,Y,1,0,367237.4,367237.4,367237.4,N,OPE,,0,L,100,,,N,20,7521828,,,N,,“Baltic Armaments Co.; Ltd”,,Veerenni 56,Tallina,11313,LV,,15,,2,,,,,,16276.5,16276.5,N,31.05.2016;;
2016248485,ted.europa.eu/udl?uri=TED:NOTICE:248485-2016:TEXT:EN:HTML,2016,3,14.07.2016,R208.S2,0,0,,Nodrošinājuma valsts aģentūra,,Čiekurkalna 1. līnija 1; k-2,Rīga,1026,A1,LV,LV,,,1,,Other,Y,,,U,LV006,N,,,,35000000,35,,,Y,1,0,367237.4,367237.4,367237.4,N,OPE,,0,L,100,,,N,20,7521829,,,N,,“Baltic Armaments Co.; Ltd”,,Veerenni 56,Tallina,11313,LV,,16,,1,,,,,,6975,6975,N,31.05.2016;;
2016248485,ted.europa.eu/udl?uri=TED:NOTICE:248485-2016:TEXT:EN:HTML,2016,3,14.07.2016,R208.S2,0,0,,Nodrošinājuma valsts aģentūra,,Čiekurkalna 1. līnija 1; k-2,Rīga,1026,A1,LV,LV,,,1,,Other,Y,,,U,LV006,N,,,,35000000,35,,,Y,1,0,367237.4,367237.4,367237.4,N,OPE,,0,L,100,,,N,20,7521830,,,N,,SIA “Arveka”,,L. Stuokos-Gucevičiaus 9-6,Viļņa,01122,LT,,17,,1,,,,,,4200,4200,N,31.05.2016;;;
2016248485,ted.europa.eu/udl?uri=TED:NOTICE:248485-2016:TEXT:EN:HTML,2016,3,14.07.2016,R208.S2,0,0,,Nodrošinājuma valsts aģentūra,,Čiekurkalna 1. līnija 1; k-2,Rīga,1026,A1,LV,LV,,,1,,Other,Y,,,U,LV006,N,,,,35000000,35,,,Y,1,0,367237.4,367237.4,367237.4,N,OPE,,0,L,100,,,N,20,7521831,,,N,,“Baltic Armaments Co.; Ltd”,,Veerenni 56,Tallina,11313,LV,,18,,1,,,,,,2688,2688,N,31.05.2016;;
2016248485,ted.europa.eu/udl?uri=TED:NOTICE:248485-2016:TEXT:EN:HTML,2016,3,14.07.2016,R208.S2,0,0,,Nodrošinājuma valsts aģentūra,,Čiekurkalna 1. līnija 1; k-2,Rīga,1026,A1,LV,LV,,,1,,Other,Y,,,U,LV006,N,,,,35000000,35,,,Y,1,0,367237.4,367237.4,367237.4,N,OPE,,0,L,100,,,N,20,7521832,,,N,,SIA “Iskada”,,Krustpils iela 12 A,Rīga,1073,LV,,19,,1,,,,,,2985,2985,N,31.05.2016;;;
2016248485,ted.europa.eu/udl?uri=TED:NOTICE:248485-2016:TEXT:EN:HTML,2016,3,14.07.2016,R208.S2,0,0,,Nodrošinājuma valsts aģentūra,,Čiekurkalna 1. līnija 1; k-2,Rīga,1026,A1,LV,LV,,,1,,Other,Y,,,U,LV006,N,,,,35000000,35,,,Y,1,0,367237.4,367237.4,367237.4,N,OPE,,0,L,100,,,N,20,7521833,,,N,,“Baltic Armaments Co.; Ltd”,,Veerenni 56,Tallina,11313,LV,,20,,1,,,,,,3206,3206,N,31.05.2016;;
2016259337,ted.europa.eu/udl?uri=TED:NOTICE:259337-2016:TEXT:EN:HTML,2016,3,25.07.2016,R208.S2,0,0,,Tieslietu ministrijas Ieslodzījuma vietu pārvalde,,Stabu ielā 89,Rīga,1009,A1,LV,LV,,,1,,Public Order and Safety,N,,,U,LV006,N,,,,35321300,35,,,Y,4,0,132300.0,132300,132300,N,OPE,,0,L,100,,,N,1,7534089,,,N,,SIA “ZOMMERS”,,Krišjāņa Barona iela 31,Rīga,1011,LV,,1,,2,,,,,132300,132300,132300,N,20.07.2016;;;;
2016274209,ted.europa.eu/udl?uri=TED:NOTICE:274209-2016:TEXT:EN:HTML,2016,3,04.08.2016,R208.S2,0,0,,Politsei- ja Piirivalveamet,70008747,Pärnu mnt 139,Tallinn,15060,A1,EE,EE,,,1,,General public\services;Public Order and Safety,N,,,U,EE,N,,,,35120000,35,,,N,4,0,172070.0,172070,172070,Y,NOC,,0,L,100,,,N,1,7552034,,,N,,Defendec OÜ,,Teaduspargi 6/1,Tallinn,12618,EE,,1,,1,,,,,,172070,172070,,04.08.2016;;;
2016275971,ted.europa.eu/udl?uri=TED:NOTICE:275971-2016:TEXT:EN:HTML,2016,3,04.08.2016,R208.S2,0,0,,Valsts ugunsdzēsības un glābšanas dienests,,Maskavas iela 5,Rīga,1050,A1,LV,LV,,,1,,Public Order and Safety,N,,,U,LV006,N,,,,35110000,35,,,Y,1,0,300000.0,300000,300000,N,OPE,,0,L,100,,,N,9,7554033,,,N,,SIA Iskada,,Krustpils iela 12A,Rīga,1073,LV,,1,,1,,,,,33000,36000,36000,N,06.07.2016;;;;
2016275971,ted.europa.eu/udl?uri=TED:NOTICE:275971-2016:TEXT:EN:HTML,2016,3,04.08.2016,R208.S2,0,0,,Valsts ugunsdzēsības un glābšanas dienests,,Maskavas iela 5,Rīga,1050,A1,LV,LV,,,1,,Public Order and Safety,N,,,U,LV006,N,,,,35110000,35,,,Y,1,0,300000.0,300000,300000,N,OPE,,0,L,100,,,N,9,7554034,,,N,,SIA Iskada,,Krustpils iela 12A,Rīga,1073,LV,,2,,1,,,,,33000,33000,33000,N,06.07.2016;;;;
2016275971,ted.europa.eu/udl?uri=TED:NOTICE:275971-2016:TEXT:EN:HTML,2016,3,04.08.2016,R208.S2,0,0,,Valsts ugunsdzēsības un glābšanas dienests,,Maskavas iela 5,Rīga,1050,A1,LV,LV,,,1,,Public Order and Safety,N,,,U,LV006,N,,,,35110000,35,,,Y,1,0,300000.0,300000,300000,N,OPE,,0,L,100,,,N,9,7554035,,,N,,SIA Iskada,,Krustpils iela 12A,Rīga,1073,LV,,3,,1,,,,,33000,33000,33000,N,06.07.2016;;;;
2016275971,ted.europa.eu/udl?uri=TED:NOTICE:275971-2016:TEXT:EN:HTML,2016,3,04.08.2016,R208.S2,0,0,,Valsts ugunsdzēsības un glābšanas dienests,,Maskavas iela 5,Rīga,1050,A1,LV,LV,,,1,,Public Order and Safety,N,,,U,LV006,N,,,,35110000,35,,,Y,1,0,300000.0,300000,300000,N,OPE,,0,L,100,,,N,9,7554036,,,N,,SIA Iskada,,Krustpils iela 12A,Rīga,1073,LV,,4,,2,,,,,33000,33000,33000,N,20.07.2016;;;;
2016275971,ted.europa.eu/udl?uri=TED:NOTICE:275971-2016:TEXT:EN:HTML,2016,3,04.08.2016,R208.S2,0,0,,Valsts ugunsdzēsības un glābšanas dienests,,Maskavas iela 5,Rīga,1050,A1,LV,LV,,,1,,Public Order and Safety,N,,,U,LV006,N,,,,35110000,35,,,Y,1,0,300000.0,300000,300000,N,OPE,,0,L,100,,,N,9,7554037,,,N,,SIA Iskada,,Krustpils iela 12A,Rīga,1073,LV,,5,,2,,,,,33000,33000,33000,N,06.07.2016;;;;
2016275971,ted.europa.eu/udl?uri=TED:NOTICE:275971-2016:TEXT:EN:HTML,2016,3,04.08.2016,R208.S2,0,0,,Valsts ugunsdzēsības un glābšanas dienests,,Maskavas iela 5,Rīga,1050,A1,LV,LV,,,1,,Public Order and Safety,N,,,U,LV006,N,,,,35110000,35,,,Y,1,0,300000.0,300000,300000,N,OPE,,0,L,100,,,N,9,7554038,,,N,,SIA Iskada,,Krustpils iela 12A,Rīga,1073,LV,,6,,2,,,,,33000,33000,33000,N,06.07.2016;;;;
2016275971,ted.europa.eu/udl?uri=TED:NOTICE:275971-2016:TEXT:EN:HTML,2016,3,04.08.2016,R208.S2,0,0,,Valsts ugunsdzēsības un glābšanas dienests,,Maskavas iela 5,Rīga,1050,A1,LV,LV,,,1,,Public Order and Safety,N,,,U,LV006,N,,,,35110000,35,,,Y,1,0,300000.0,300000,300000,N,OPE,,0,L,100,,,N,9,7554039,,,N,,SIA Iskada,,Krustpils iela 12A,Rīga,1073,LV,,7,,2,,,,,33000,33000,33000,N,20.07.2016;;;;
2016275971,ted.europa.eu/udl?uri=TED:NOTICE:275971-2016:TEXT:EN:HTML,2016,3,04.08.2016,R208.S2,0,0,,Valsts ugunsdzēsības un glābšanas dienests,,Maskavas iela 5,Rīga,1050,A1,LV,LV,,,1,,Public Order and Safety,N,,,U,LV006,N,,,,35110000,35,,,Y,1,0,300000.0,300000,300000,N,OPE,,0,L,100,,,N,9,7554040,,,N,,SIA Iskada,,Krustpils iela 12A,Rīga,1073,LV,,8,,1,,,,,33000,33000,33000,N,06.07.2016;;;;
2016275971,ted.europa.eu/udl?uri=TED:NOTICE:275971-2016:TEXT:EN:HTML,2016,3,04.08.2016,R208.S2,0,0,,Valsts ugunsdzēsības un glābšanas dienests,,Maskavas iela 5,Rīga,1050,A1,LV,LV,,,1,,Public Order and Safety,N,,,U,LV006,N,,,,35110000,35,,,Y,1,0,300000.0,300000,300000,N,OPE,,0,L,100,,,N,9,7554041,,,N,,SIA Iskada,,Krustpils iela 12A,Rīga,1073,LV,,9,,1,,,,,33000,33000,33000,N,06.07.2016;;;;
2016277716,ted.europa.eu/udl?uri=TED:NOTICE:277716-2016:TEXT:EN:HTML,2016,3,08.08.2016,R208.S2,0,0,,Valsts aizsardzības,,Ernestīnes 34,Rīga,1046,A1,LV,LV,,,N,,Defence,Y,,,U,LV006,N,,,,35812200,35,,,Y,4,0,365020.66,365020.66,365020.66,N,NOC,,0,L,100,,,N,1,7556321,,,N,,Crye Precision LLC,,63 Flushing Ave Unit 252; Brooklyn,New York,NY 11205,US,,1,,1,,,,,,365020.66,365020.66,N,02.08.2016;;;
2016288346,ted.europa.eu/udl?uri=TED:NOTICE:288346-2016:TEXT:EN:HTML,2016,3,17.08.2016,R208.S2,0,0,,Valsts robežsardze,,Rūdolfa iela 5,Rīga,1012,A1,LV,LV,,,1,,Public Order and Safety,N,,,U,LV006,N,,,,35120000,35,,,Y,4,0,185000.0,185000,185000,N,OPE,,0,L,100,,,N,1,7569762,,,N,,Piegādātāju apvienība – SIA “BST engineering”; SIA “Komerccentrs DATI grupa” un SIA “Belam-Rīga”,,Babītes pagasts; Kadiķu iela 2; “Mežāres”,Babītes novads,2101,LV,,1,,2,,,,,185000,185000,185000,N,11.08.2016;
2016302790,ted.europa.eu/udl?uri=TED:NOTICE:302790-2016:TEXT:EN:HTML,2016,18,30.08.2016,R208.S2,0,0,,Nodrošinājuma valsts aģentūra,,Čiekurkalna 1. līnija 1; k-2,Rīga,1026,A1,LV,LV,,,1,,Other,Y,,,U,LV006,N,,,,35310000,35,,,,1,0,4884970.0,4884970,4884970,N,,,0,L,100,,,N,2,7587635,,,N,,Heckler & Koch GmbH,,Heckler & koch Str.1/78727,Oberndorf am Neckar,78727,DE,,1,,1,,,,,904970,904970,904970,N,08.04.2016;;;
2016302790,ted.europa.eu/udl?uri=TED:NOTICE:302790-2016:TEXT:EN:HTML,2016,18,30.08.2016,R208.S2,0,0,,Nodrošinājuma valsts aģentūra,,Čiekurkalna 1. līnija 1; k-2,Rīga,1026,A1,LV,LV,,,1,,Other,Y,,,U,LV006,N,,,,35310000,35,,,,1,0,4884970.0,4884970,4884970,N,,,0,L,100,,,N,2,7587636,,,N,,GLOCK Ges.m.b.H.,,Gaston-Glock-Plazt 1,Ferlach,9170,AT,,2,,1,,,,,3980000,3980000,3980000,N,08.04.2016;;;
2016302791,ted.europa.eu/udl?uri=TED:NOTICE:302791-2016:TEXT:EN:HTML,2016,18,30.08.2016,R208.S2,0,0,,Valsts aizsardzības,,Ernestīnes 34,Rīga,1046,A1,LV,LV,,,N,,Defence,N,,,U,LV006,N,,,,35340000,35,,,,3,0,481768.6,481768.6,481768.6,N,,,0,L,100,,,N,1,7587637,,,N,,Vinghog AS,,Lindholmveien 14; P.O.Box 143,Nøtterøy,3106,NO,,1,,1,,,,,481768.6,481768.6,481768.6,N,09.06.2015;;;
2016314999,ted.europa.eu/udl?uri=TED:NOTICE:314999-2016:TEXT:EN:HTML,2016,3,08.09.2016,R208.S2,0,0,,Krašto apsaugos ministerija — Vyriausybinių ryšių centras,191630942,Gedimino pr. 40,Vilnius,01110,A1,LT,LT,,,1,,Defence,N,,,U,,N,,,,35120000,35,,35121300---32300000---32551000---35123400---32572000---35121000---32333000---32500000,Y,1,10,1748760.33,1748760.33,1748760.33,N,OPE,,0,L,100,,,N,10,7601575,1,,N,,UAB ATEA,,J. Rutkausko g. 6,Vilnius,05132,LT,,1,Elektroninių apsaugos sistemų įranga Nr. 1,6,,,,,,190909.09,190909.09,N,01.07.2016;;;;
2016314999,ted.europa.eu/udl?uri=TED:NOTICE:314999-2016:TEXT:EN:HTML,2016,3,08.09.2016,R208.S2,0,0,,Krašto apsaugos ministerija — Vyriausybinių ryšių centras,191630942,Gedimino pr. 40,Vilnius,01110,A1,LT,LT,,,1,,Defence,N,,,U,,N,,,,35120000,35,,35121300---32300000---32551000---35123400---32572000---35121000---32333000---32500000,Y,1,10,1748760.33,1748760.33,1748760.33,N,OPE,,0,L,100,,,N,10,7601576,2,,N,,UAB ATEA,,J. Rutkausko g. 6,Vilnius,05132,LT,,2,Elektroninių apsaugos sistemų įranga Nr. 2,6,,,,,,247933.88,247933.88,N,01.07.2016;;;;
2016314999,ted.europa.eu/udl?uri=TED:NOTICE:314999-2016:TEXT:EN:HTML,2016,3,08.09.2016,R208.S2,0,0,,Krašto apsaugos ministerija — Vyriausybinių ryšių centras,191630942,Gedimino pr. 40,Vilnius,01110,A1,LT,LT,,,1,,Defence,N,,,U,,N,,,,35120000,35,,35121300---32300000---32551000---35123400---32572000---35121000---32333000---32500000,Y,1,10,1748760.33,1748760.33,1748760.33,N,OPE,,0,L,100,,,N,10,7601577,3,,N,,UAB ATEA,,J. Rutkausko g. 6,Vilnius,05132,LT,,3,Elektroninių apsaugos sistemų įranga Nr. 3,6,,,,,,371900.83,371900.83,N,01.07.2016;;;;
2016314999,ted.europa.eu/udl?uri=TED:NOTICE:314999-2016:TEXT:EN:HTML,2016,3,08.09.2016,R208.S2,0,0,,Krašto apsaugos ministerija — Vyriausybinių ryšių centras,191630942,Gedimino pr. 40,Vilnius,01110,A1,LT,LT,,,1,,Defence,N,,,U,,N,,,,35120000,35,,35121300---32300000---32551000---35123400---32572000---35121000---32333000---32500000,Y,1,10,1748760.33,1748760.33,1748760.33,N,OPE,,0,L,100,,,N,10,7601578,4,,N,,UAB ATEA,,J. Rutkausko g. 6,Vilnius,05132,LT,,4,Vaizdo stebėjimo sistema Nr. 1,6,,,,,,312396.69,312396.69,N,01.07.2016;;;;
2016314999,ted.europa.eu/udl?uri=TED:NOTICE:314999-2016:TEXT:EN:HTML,2016,3,08.09.2016,R208.S2,0,0,,Krašto apsaugos ministerija — Vyriausybinių ryšių centras,191630942,Gedimino pr. 40,Vilnius,01110,A1,LT,LT,,,1,,Defence,N,,,U,,N,,,,35120000,35,,35121300---32300000---32551000---35123400---32572000---35121000---32333000---32500000,Y,1,10,1748760.33,1748760.33,1748760.33,N,OPE,,0,L,100,,,N,10,7601579,5,,N,,UAB ATEA,,J. Rutkausko g. 6,Vilnius,05132,LT,,5,Vaizdo stebėjimo sistema Nr. 2,1,,,,,,287603.31,287603.31,N,01.07.2016;;;;
2016314999,ted.europa.eu/udl?uri=TED:NOTICE:314999-2016:TEXT:EN:HTML,2016,3,08.09.2016,R208.S2,0,0,,Krašto apsaugos ministerija — Vyriausybinių ryšių centras,191630942,Gedimino pr. 40,Vilnius,01110,A1,LT,LT,,,1,,Defence,N,,,U,,N,,,,35120000,35,,35121300---32300000---32551000---35123400---32572000---35121000---32333000---32500000,Y,1,10,1748760.33,1748760.33,1748760.33,N,OPE,,0,L,100,,,N,10,7601580,6,,N,,UAB ATEA,,J. Rutkausko g. 6,Vilnius,05132,LT,,6,Vaizdo stebėjimo sistema Nr. 3,3,,,,,,19834.71,19834.71,N,01.07.2016;;;;
2016314999,ted.europa.eu/udl?uri=TED:NOTICE:314999-2016:TEXT:EN:HTML,2016,3,08.09.2016,R208.S2,0,0,,Krašto apsaugos ministerija — Vyriausybinių ryšių centras,191630942,Gedimino pr. 40,Vilnius,01110,A1,LT,LT,,,1,,Defence,N,,,U,,N,,,,35120000,35,,35121300---32300000---32551000---35123400---32572000---35121000---32333000---32500000,Y,1,10,1748760.33,1748760.33,1748760.33,N,OPE,,0,L,100,,,N,10,7601581,7,,N,,UAB ATEA,,J. Rutkausko g. 6,Vilnius,05132,LT,,7,Kabeliai ir jungiamieji kabeliai,5,,,,,,136363.64,136363.64,N,01.07.2016;;;;
2016314999,ted.europa.eu/udl?uri=TED:NOTICE:314999-2016:TEXT:EN:HTML,2016,3,08.09.2016,R208.S2,0,0,,Krašto apsaugos ministerija — Vyriausybinių ryšių centras,191630942,Gedimino pr. 40,Vilnius,01110,A1,LT,LT,,,1,,Defence,N,,,U,,N,,,,35120000,35,,35121300---32300000---32551000---35123400---32572000---35121000---32333000---32500000,Y,1,10,1748760.33,1748760.33,1748760.33,N,OPE,,0,L,100,,,N,10,7601582,8,,N,,UAB „Elektrobalt“,,Liepkalnio g. 85,Vilnius,02120,LT,,8,Optiniai kabeliai,5,,,,,,82644.63,82644.63,N,01.07.2016;;;;
2016314999,ted.europa.eu/udl?uri=TED:NOTICE:314999-2016:TEXT:EN:HTML,2016,3,08.09.2016,R208.S2,0,0,,Krašto apsaugos ministerija — Vyriausybinių ryšių centras,191630942,Gedimino pr. 40,Vilnius,01110,A1,LT,LT,,,1,,Defence,N,,,U,,N,,,,35120000,35,,35121300---32300000---32551000---35123400---32572000---35121000---32333000---32500000,Y,1,10,1748760.33,1748760.33,1748760.33,N,OPE,,0,L,100,,,N,10,7601583,9,,N,,UAB „ECO SPRENDIMAI“,,Ateities g. 15A,Vilnius,08303,LT,,9,Kabelių movos,5,,,,,,37190.08,37190.08,N,01.07.2016;;;;
2016314999,ted.europa.eu/udl?uri=TED:NOTICE:314999-2016:TEXT:EN:HTML,2016,3,08.09.2016,R208.S2,0,0,,Krašto apsaugos ministerija — Vyriausybinių ryšių centras,191630942,Gedimino pr. 40,Vilnius,01110,A1,LT,LT,,,1,,Defence,N,,,U,,N,,,,35120000,35,,35121300---32300000---32551000---35123400---32572000---35121000---32333000---32500000,Y,1,10,1748760.33,1748760.33,1748760.33,N,OPE,,0,L,100,,,N,10,7601584,10,,N,,UAB ATEA,,J. Rutkausko g. 6,Vilnius,05132,LT,,10,Ryšių kabelis,5,,,,,,61983.47,61983.47,N,01.07.2016;;;;
2016315050,ted.europa.eu/udl?uri=TED:NOTICE:315050-2016:TEXT:EN:HTML,2016,18,08.09.2016,R208.S2,0,0,,Kaitsevägi,70008641,Juhkentali 58,Tallinn,15007,A1,EE,EE,,,1,,Defence,N,,,U,EE,Y,,,,35300000,35,,,,3,0,1100000.0,1100000,1100000,N,NOP,,0,L,100,,,N,1,7601835,,,N,,Baltic Fox OÜ,,Ed. Ahrensi 12-7,Kuusalu alevik; Kuusalu vald; Harjumaa,74601,EE,,1,,,,,,1,1100000,,1100000,,25.07.2016;;
2016323660,ted.europa.eu/udl?uri=TED:NOTICE:323660-2016:TEXT:EN:HTML,2016,3,15.09.2016,R208.S2,0,0,,Politsei- ja Piirivalveamet,70008747,Pärnu mnt 139,Tallinn,15060,A1,EE,EE,,,1,,General public\services;Public Order and Safety,N,,,U,EE,Y,,Y,,35330000,35,,,Y,4,0,159050.0,159050,159050,N,OPE,,0,L,100,,,N,3,7610387,,,N,,Aktsiaselts Citysec,,Väike-Rannavärava 1,Tallinn,10111,EE,,1,,3,,,,,127500,,127500,,29.06.2016;;;
2016323660,ted.europa.eu/udl?uri=TED:NOTICE:323660-2016:TEXT:EN:HTML,2016,3,15.09.2016,R208.S2,0,0,,Politsei- ja Piirivalveamet,70008747,Pärnu mnt 139,Tallinn,15060,A1,EE,EE,,,1,,General public\services;Public Order and Safety,N,,,U,EE,Y,,Y,,35330000,35,,,Y,4,0,159050.0,159050,159050,N,OPE,,0,L,100,,,N,3,7610388,,,N,,Oy Finn Enterprise Ltd,,Pohjoisranta 22,Helsinki,00170,FI,,2,,3,,,,,21550,,21550,,09.07.2016;;;
2016323660,ted.europa.eu/udl?uri=TED:NOTICE:323660-2016:TEXT:EN:HTML,2016,3,15.09.2016,R208.S2,0,0,,Politsei- ja Piirivalveamet,70008747,Pärnu mnt 139,Tallinn,15060,A1,EE,EE,,,1,,General public\services;Public Order and Safety,N,,,U,EE,Y,,Y,,35330000,35,,,Y,4,0,159050.0,159050,159050,N,OPE,,0,L,100,,,N,3,7610389,,,N,,OÜ Baltic Armaments,,Veerenni 56,Tallinn,11313,EE,,3,,3,,,,,10000,,10000,,18.07.2016;;;
2016323665,ted.europa.eu/udl?uri=TED:NOTICE:323665-2016:TEXT:EN:HTML,2016,3,15.09.2016,R208.S2,0,0,,Valsts aizsardzības,,Ernestīnes 34,Rīga,1046,A1,LV,LV,,,N,,Defence,N,,,U,LV006,Y,,,,35810000,35,,,Y,3,0,1238704.42,1238704.42,1238704.42,N,NOC,,0,L,100,,,N,1,7610402,,,N,,Snugpak Ltd.,,Waterloo Mills; Howden Road,Silsden; West Yorkshire,BD20 0HA,UK,,1,,1,,,,,1238704.42,1238704.42,1238704.42,N,07.09.2016;;
2016325581,ted.europa.eu/udl?uri=TED:NOTICE:325581-2016:TEXT:EN:HTML,2016,18,16.09.2016,R208.S2,0,0,,Vidaus reikalų ministerija — Ginklų fondas,191769098,Linkmenų g. 26,Vilnius,08217,A1,LT,LT,,,1,,Defence,N,,,U,,Y,,Y,,35813000,35,,,,3,1,431200.0,431200,431200,N,RES,,0,L,100,,,N,1,7612983,1,,N,,Army Supply; UAB,,Islandijos g. 4-1,Vilnius,,LT,,1,Kevlarinis šalmas su ryšio įranga,6,,,,,,431200,431200,N,29.08.2016;;;
2016336315,ted.europa.eu/udl?uri=TED:NOTICE:336315-2016:TEXT:EN:HTML,2016,3,23.09.2016,R208.S2,0,0,,Latvijas Banka,,Kr. Valdemāra iela 2a,Rīga,1050,A1,LV,LV,,,1,,Economical anf Financial Affairs,N,,,U,LV006,N,,,,35300000,35,,,Y,4,0,65124.0,65124,65124,N,RES,,0,L,100,,,N,6,7624052,,,N,,SIA ZOMMERS,,K. Barona iela 31,Rīga,1011,LV,,1,,2,,,,,,16800,16800,N,13.09.2016;;;;
2016336315,ted.europa.eu/udl?uri=TED:NOTICE:336315-2016:TEXT:EN:HTML,2016,3,23.09.2016,R208.S2,0,0,,Latvijas Banka,,Kr. Valdemāra iela 2a,Rīga,1050,A1,LV,LV,,,1,,Economical anf Financial Affairs,N,,,U,LV006,N,,,,35300000,35,,,Y,4,0,65124.0,65124,65124,N,RES,,0,L,100,,,N,6,7624053,,,N,,SIA ZOMMERS,,K. Barona iela 31,Rīga,1011,LV,,2,,3,,,,,,7950,7950,N,09.09.2016;;;;
2016336315,ted.europa.eu/udl?uri=TED:NOTICE:336315-2016:TEXT:EN:HTML,2016,3,23.09.2016,R208.S2,0,0,,Latvijas Banka,,Kr. Valdemāra iela 2a,Rīga,1050,A1,LV,LV,,,1,,Economical anf Financial Affairs,N,,,U,LV006,N,,,,35300000,35,,,Y,4,0,65124.0,65124,65124,N,RES,,0,L,100,,,N,6,7624054,,,N,,SIA Purnavu muiža,,Mārtiņmuiža,Mārupes novads,2167,LV,,3,,2,,,,,,11854,11854,N,09.09.2016;;;;
2016336315,ted.europa.eu/udl?uri=TED:NOTICE:336315-2016:TEXT:EN:HTML,2016,3,23.09.2016,R208.S2,0,0,,Latvijas Banka,,Kr. Valdemāra iela 2a,Rīga,1050,A1,LV,LV,,,1,,Economical anf Financial Affairs,N,,,U,LV006,N,,,,35300000,35,,,Y,4,0,65124.0,65124,65124,N,RES,,0,L,100,,,N,6,7624055,,,N,,SIA ZOMMERS,,K. Barona iela 31,Rīga,1011,LV,,4,,3,,,,,,14130,14130,N,09.09.2016;;;;
2016336315,ted.europa.eu/udl?uri=TED:NOTICE:336315-2016:TEXT:EN:HTML,2016,3,23.09.2016,R208.S2,0,0,,Latvijas Banka,,Kr. Valdemāra iela 2a,Rīga,1050,A1,LV,LV,,,1,,Economical anf Financial Affairs,N,,,U,LV006,N,,,,35300000,35,,,Y,4,0,65124.0,65124,65124,N,RES,,0,L,100,,,N,6,7624056,,,N,,SIA Purnavu muiža,,Mārtiņmuiža,Mārupes novads,2167,LV,,5,,3,,,,,,4500,4500,N,09.09.2016;;;;
2016336315,ted.europa.eu/udl?uri=TED:NOTICE:336315-2016:TEXT:EN:HTML,2016,3,23.09.2016,R208.S2,0,0,,Latvijas Banka,,Kr. Valdemāra iela 2a,Rīga,1050,A1,LV,LV,,,1,,Economical anf Financial Affairs,N,,,U,LV006,N,,,,35300000,35,,,Y,4,0,65124.0,65124,65124,N,RES,,0,L,100,,,N,6,7624057,,,N,,SIA Purnavu muiža,,Mārtiņmuiža,Mārupes novads,2167,LV,,6,,3,,,,,,9890,9890,N,09.09.2016;;;;
2016339365,ted.europa.eu/udl?uri=TED:NOTICE:339365-2016:TEXT:EN:HTML,2016,18,27.09.2016,R208.S2,0,0,,Vidaus reikalų ministerija — Ginklų fondas,191769098,Linkmenų g. 26,Vilnius,08217,A1,LT,LT,,,1,,Defence,N,,,U,,N,,,,35331300,35,,,,4,0,58890.0,58890,58890,N,RES,,0,L,100,,,N,1,7627897,,,N,,Chemring Defence UK Ltd.,,Willne Mill Draycott,Derby DE72 3QJ,,UK,,1,,1,,,,,,58890,58890,N,21.07.2016;;;;
2016349968,ted.europa.eu/udl?uri=TED:NOTICE:349968-2016:TEXT:EN:HTML,2016,3,03.10.2016,R208.S2,0,0,,Vidaus reikalų ministerija — Valstybės sienos apsaugos tarnyba,188608252,Savanorių pr. 2,Vilnius,03116,A1,LT,LT,,,1,,Public Order and Safety,N,,,W,,N,,,,35125000,45,,45222300---71320000,Y,4,1,1776633.26,1776633.26,1776633.26,N,OPE,,0,M,,Kaina---– sistemos garantinis laikotarpis (mėn.),80---20,N,1,7636799,1,,N,,Uždaroji akcinė bendrovė „Euroelektronika“,,Pramonės pr. 15A,Kaunas,51327,LT,,1,Druskininkų užkardos sienos stebėjimo sistemos įrengimas,3,,,,,,1776633.26,1776633.26,Y,28.07.2016;;;;
2016350030,ted.europa.eu/udl?uri=TED:NOTICE:350030-2016:TEXT:EN:HTML,2016,3,05.10.2016,R208.S2,0,0,,Vidaus reikalų ministerija — Valstybės sienos apsaugos tarnyba,188608252,Savanorių pr. 2,Vilnius,03116,A1,LT,LT,,,1,,Public Order and Safety,N,,,W,,N,,,,35125000,45,,45222300---71320000,Y,4,1,3213957.31,3213957.31,3213957.31,N,OPE,,0,M,,Kaina---Sistemos garantinis laikotarpis (mėn.),80---20,N,1,7637144,1,,N,,Uždaroji akcinė bendrovė „Euroelektronika“,,Pramonės pr. 15A,Kaunas,51327,LT,,1,Švenčionių užkardos sienos stebėjimo sistemos įrengimas,3,,,,,,3213957.31,3213957.31,N,09.08.2016;;;;
2016350031,ted.europa.eu/udl?uri=TED:NOTICE:350031-2016:TEXT:EN:HTML,2016,3,05.10.2016,R208.S2,0,0,,Vidaus reikalų ministerija — Valstybės sienos apsaugos tarnyba,188608252,Savanorių pr. 2,Vilnius,03116,A1,LT,LT,,,1,,Public Order and Safety,N,,,W,,N,,,,35125000,45,,45222300,Y,4,1,1929846.48,1929846.48,1929846.48,N,OPE,,0,M,,Kaina---Sistemos garantinis laikotarpis (mėn.),80---20,N,1,7637145,1,,N,,Uždaroji akcinė bendrovė „FIMA“,,Žirmūnų g. 139,Vilnius,09120,LT,,1,Tribonių užkardos sienos stebėjimo sistemos įrengimas,3,,,,,,1929846.48,1929846.48,Y,09.08.2016;;;;
2016363999,ted.europa.eu/udl?uri=TED:NOTICE:363999-2016:TEXT:EN:HTML,2016,18,13.10.2016,R208.S2,0,0,,Krašto apsaugos ministerija,188602751,Totorių g. 25,Vilnius,01120,A1,LT,LT,,,1,,Defence,N,,,U,,N,,,,35320000,35,,,,3,1,23694330.0,23694330,23694330,N,NOP,,1,L,100,,,N,1,7651088,1,,N,,Heckler & Koch GmbH,,Heckler & Koch Str. 1,Oberndorf,78727,DE,,1,Automatinio šautuvo ir povamzdinio granatsvaidžio bei komplektuojamųjų dalių pirkimas,1,,,,,,23694330,23694330,N,03.08.2016;;;;
2016365839,ted.europa.eu/udl?uri=TED:NOTICE:365839-2016:TEXT:EN:HTML,2016,18,17.10.2016,R208.S2,0,0,,Vidaus reikalų ministerija — Valstybės sienos apsaugos tarnyba,188608252,Savanorių pr. 2,Vilnius,03116,A1,LT,LT,,,1,,Public Order and Safety,N,,,U,,N,,,,35331500,35,,,,4,1,53500.0,53500,53500,N,RES,,0,L,100,,,N,1,7652972,1,,N,,Uždaroji akcinė bendrovė „Defensa“,,L. Stuokos-Gucevičiaus g. 9-2,Vilniaus m.; 2000 Vilniaus m. sav.,,LT,,1,9 mm šoviniai,1,,,,,53500,53500,53500,N,28.09.2016;;;
2016369480,ted.europa.eu/udl?uri=TED:NOTICE:369480-2016:TEXT:EN:HTML,2016,3,19.10.2016,R208.S2,0,0,,Valsts aizsardzības,,Ernestīnes 34,Rīga,1046,A1,LV,LV,,,N,,Defence,Y,,,U,LV00,Y,,,,35810000,35,,38111100---35812300,Y,4,0,357808.26,357808.26,357808.26,N,OPE,,0,L,100,,,N,3,7656742,,,N,,SIA “NIlex Trading”,,Miera iela 36,Rīga,1001,LV,,1,,3,,,,,42148.76,42148.76,42148.76,N,13.10.2016;;;;
2016369480,ted.europa.eu/udl?uri=TED:NOTICE:369480-2016:TEXT:EN:HTML,2016,3,19.10.2016,R208.S2,0,0,,Valsts aizsardzības,,Ernestīnes 34,Rīga,1046,A1,LV,LV,,,N,,Defence,Y,,,U,LV00,Y,,Y,,35810000,35,,38111100---35812300,Y,4,0,357808.26,357808.26,357808.26,N,OPE,,0,L,100,,,N,3,7656742,,,N,,SIA “NIlex Trading”,,Miera iela 36,Rīga,1001,LV,,1,,3,,,,,42148.76,42148.76,42148.76,N,13.10.2016;;;;
2016369480,ted.europa.eu/udl?uri=TED:NOTICE:369480-2016:TEXT:EN:HTML,2016,3,19.10.2016,R208.S2,0,0,,Valsts aizsardzības,,Ernestīnes 34,Rīga,1046,A1,LV,LV,,,N,,Defence,Y,,,U,LV00,Y,,,,35810000,35,,38111100---35812300,Y,4,0,357808.26,357808.26,357808.26,N,OPE,,0,L,100,,,N,3,7656743,,,N,,SIA “Zommers”,,Kr. Barona iela 31,Rīga,1011,LV,,2,,3,,,,,74380.16,74380.16,74380.16,N,13.10.2016;;;;
2016369480,ted.europa.eu/udl?uri=TED:NOTICE:369480-2016:TEXT:EN:HTML,2016,3,19.10.2016,R208.S2,0,0,,Valsts aizsardzības,,Ernestīnes 34,Rīga,1046,A1,LV,LV,,,N,,Defence,Y,,,U,LV00,Y,,Y,,35810000,35,,38111100---35812300,Y,4,0,357808.26,357808.26,357808.26,N,OPE,,0,L,100,,,N,3,7656743,,,N,,SIA “Zommers”,,Kr. Barona iela 31,Rīga,1011,LV,,2,,3,,,,,74380.16,74380.16,74380.16,N,13.10.2016;;;;
2016369480,ted.europa.eu/udl?uri=TED:NOTICE:369480-2016:TEXT:EN:HTML,2016,3,19.10.2016,R208.S2,0,0,,Valsts aizsardzības,,Ernestīnes 34,Rīga,1046,A1,LV,LV,,,N,,Defence,Y,,,U,LV00,Y,,,,35810000,35,,38111100---35812300,Y,4,0,357808.26,357808.26,357808.26,N,OPE,,0,L,100,,,N,3,7656744,,,N,,SIA “Zommers”,,Kr. Barona iela 31,Rīga,1011,LV,,3,,2,,,,,241279.34,241279.34,241279.34,N,13.10.2016;;;;
2016369480,ted.europa.eu/udl?uri=TED:NOTICE:369480-2016:TEXT:EN:HTML,2016,3,19.10.2016,R208.S2,0,0,,Valsts aizsardzības,,Ernestīnes 34,Rīga,1046,A1,LV,LV,,,N,,Defence,Y,,,U,LV00,Y,,Y,,35810000,35,,38111100---35812300,Y,4,0,357808.26,357808.26,357808.26,N,OPE,,0,L,100,,,N,3,7656744,,,N,,SIA “Zommers”,,Kr. Barona iela 31,Rīga,1011,LV,,3,,2,,,,,241279.34,241279.34,241279.34,N,13.10.2016;;;;
2016377237,ted.europa.eu/udl?uri=TED:NOTICE:377237-2016:TEXT:EN:HTML,2016,3,25.10.2016,R208.S2,0,0,,Politsei- ja Piirivalveamet,70008747,Pärnu mnt 139,Tallinn,15060,A1,EE,EE,,,1,,General public\services;Public Order and Safety,N,,,U,EE,Y,,Y,,35815100,35,,,N,3,0,600000.0,600000,600000,N,OPE,,0,L,100,,,N,1,7665075,,,N,,OÜ Bristol Trust,,Gonsiori tn 10a,Tallinn,10117,EE,,1,,5,,,,,600000,,600000,,23.10.2016;;;
2016388748,ted.europa.eu/udl?uri=TED:NOTICE:388748-2016:TEXT:EN:HTML,2016,3,02.11.2016,R208.S2,0,0,,Valsts aizsardzības,,Ernestīnes 34,Rīga,1046,A1,LV,LV,,,N,,Defence,N,,,U,LV006,Y,,,,35812300,35,,,Y,4,0,35123.97,35123.97,35123.97,N,NOC,,0,L,100,,,N,1,7674846,,,N,,5.11 International,,Geijersgaten 2B,Limhamn,21618,SE,,1,,1,,,,,35123.97,35123.97,35123.97,N,24.10.2016;;;;
2016395662,ted.europa.eu/udl?uri=TED:NOTICE:395662-2016:TEXT:EN:HTML,2016,3,07.11.2016,R208.S2,0,0,,Specialioji priešgaisrinė gelbėjimo valdyba,291011930,Švitrigailos g. 18B,Vilnius,03223,A2,LT,LT,,,6,,Public Order and Safety,Y,,,U,,N,,,,35112000,35,,,Y,1,1,214201.52,214201.52,214201.52,N,OPE,,0,L,100,,,N,1,7682486,1,,N,,Uždaroji akcinė bendrovė „ISKADA“,,Lentvario g. 3,Vilniaus m.; Vilniaus m. sav.,,LT,,1,Hidraulinė įranga 2,2,,,,,,214201.52,214201.52,N,29.09.2016;;;
2016399950,ted.europa.eu/udl?uri=TED:NOTICE:399950-2016:TEXT:EN:HTML,2016,3,09.11.2016,R208.S2,0,0,,Nodrošinājuma pavēlniecība,,Vienības gatve 56,Rīga,1004,A1,LV,LV,,,1,,Defence,N,,,U,LV006,N,,,,35331500,35,,35341000,Y,4,0,162637.69,162637.69,162637.69,N,NOC,,0,M,,,,N,1,7687102,,,N,,The Swedish Defence Materiel Administration,,Vartavagen 62,Stockholm,115 88,SE,,1,,1,,,,,164644.25,164644.25,162637.69,N,23.08.2016;;;;
2016401868,ted.europa.eu/udl?uri=TED:NOTICE:401868-2016:TEXT:EN:HTML,2016,18,11.11.2016,R208.S2,0,0,,Kaitsevägi,70008641,Juhkentali 58,Tallinn,15007,A1,EE,EE,,,1,,Defence,N,,,U,EE,Y,,Y,,35331300,35,,,,3,0,555000.0,555000,555000,N,RES,,0,L,100,,,N,1,7689462,,,N,,Nordic Armoury OÜ,,M. Metsanurga tn 43,Tallinn,11617,EE,,1,,2,,,,,555000,,555000,,04.11.2016;;;;
2016428985,ted.europa.eu/udl?uri=TED:NOTICE:428985-2016:TEXT:EN:HTML,2016,3,02.12.2016,R208.S2,0,0,,Vidaus reikalų ministerija — Valstybės sienos apsaugos tarnyba,188608252,Savanorių pr. 2,Vilnius,03116,A1,LT,LT,,,1,,Public Order and Safety,N,,,U,,N,,,,35811200,35,,18443340,Y,3,1,814250.0,814250,814250,N,OPE,,0,L,100,,,N,1,7729275,1,,N,,Akcinė bendrovė „LELIJA“,,Panerių g. 43/1,Vilnius,,LT,,1,Tarnybinė uniforma,1,,,,,,814250,814250,N,02.11.2016;;;;
2016429028,ted.europa.eu/udl?uri=TED:NOTICE:429028-2016:TEXT:EN:HTML,2016,18,02.12.2016,R208.S2,0,0,,Valsts aizsardzības,,Ernestīnes 34,Rīga,1046,A1,LV,LV,,,N,,Defence,Y,,,U,LV006,N,,,,35740000,35,,,,4,,292231.4,292231.4,292231.4,N,,,0,L,100,,,N,1,7729400,,,N,,SIA “Zommers”,,Kr. Barona iela 31,Rīga,1011,LV,,1,,1,,,,,292231.4,292231.4,292231.4,N,30.11.2016;;;;
2016436499,ted.europa.eu/udl?uri=TED:NOTICE:436499-2016:TEXT:EN:HTML,2016,3,08.12.2016,R208.S2,0,0,,Vidaus reikalų ministerija — Viešojo saugumo tarnyba,300666165,M. K. Paco g. 4,Vilnius,10309,A1,LT,LT,,,1,,Public Order and Safety,N,,,U,LT001,N,,,,35811300,35,,,Y,4,2,160024.79,160024.79,160024.79,N,OPE,,0,M,,Kaina---Kokybė,80---20,N,2,7738257,1,,N,,Uždaroji akcinė bendrovė „Baltijos arsenalas“,,Puodžių g. 2-2,Kaunas,44288,LT,,1,Specialiosios uniformos kostiumas.,2,,,,,,113024.79,113024.79,N,17.11.2016;;;;
2016436499,ted.europa.eu/udl?uri=TED:NOTICE:436499-2016:TEXT:EN:HTML,2016,3,08.12.2016,R208.S2,0,0,,Vidaus reikalų ministerija — Viešojo saugumo tarnyba,300666165,M. K. Paco g. 4,Vilnius,10309,A1,LT,LT,,,1,,Public Order and Safety,N,,,U,LT001,N,,,,35811300,35,,,Y,4,2,160024.79,160024.79,160024.79,N,OPE,,0,M,,Kaina---Kokybė,80---20,N,2,7738258,3,,N,,UAB „Undita“,,Vaisių g. 52,Kauno m.; Kauno m. sav.,44181,LT,,2,Specialiosios uniformos džemperis.,1,,,,,,47000,47000,N,17.11.2016;;;
2016462016,ted.europa.eu/udl?uri=TED:NOTICE:462016-2016:TEXT:EN:HTML,2016,18,23.12.2016,R208.S2,0,0,,Krašto apsaugos ministerija — Lietuvos kariuomenė,188732677,Šv. Ignoto g. 8,Vilnius,01144,A1,LT,LT,,,1,,Defence,N,,,U,,N,,,,35740000,35,,,,3,1,5810500.0,5810500,5810500,N,NOP,,1,L,100,,,N,1,7767575,1,,N,,SAAB Dynamics AB,,691 80,Karlskoga,,SE,,1,RBS-70 simuliacinės sistemos,1,,,,,,5810500,5810500,N,07.12.2016;;;;
2016466556,ted.europa.eu/udl?uri=TED:NOTICE:466556-2016:TEXT:EN:HTML,2016,3,29.12.2016,R208.S2,0,0,,Nodrošinājuma valsts aģentūra,,Čiekurkalna 1. līnija 1; k-2,Rīga,1026,A1,LV,LV,,,1,,Other,Y,,,U,LV006,N,,,,35200000,35,,,Y,1,,421905.65,421905.65,421905.65,N,OPE,,0,L,100,,,N,1,7774665,,,N,,Baltic Armaments Co. Ltd,,Veerenni st. 56 P.O. Box 21,Tallinn,11313,EE,,1,,1,,,,,,421905.65,421905.65,N,21.12.2016;;;",,,,,,,,,,,,,,,,,,,,,,,,,,,,,,,,,,,,,,,,,,,,,,,,,,,,,,,,,,,,,,,,,,,,,,,,,,
