css-4rbku5 href,css-9pa8cd src,css-901oao,css-901oao 2,css-4rbku5 href 3,css-4rbku5,css-901oao 4,css-901oao 5,css-9pa8cd src 2,css-901oao 6,css-901oao 7,css-901oao 8,css-901oao 9,css-901oao 11,css-901oao 12,css-901oao 13,css-4rbku5 2,css-4rbku5 href 4,css-901oao 14,css-4rbku5 3,css-4rbku5 href 5,css-901oao 15,css-4rbku5 4,css-4rbku5 href 6,css-901oao 16,r-1p0dtai src,css-4rbku5 5,css-4rbku5 href 7,css-4rbku5 href 8,css-901oao 20,css-9pa8cd src 3,css-4rbku5 href 9,css-4rbku5 href 11
https://twitter.com/RogerHelmerMEP,https://pbs.twimg.com/profile_images/2878277079/6b62003be31b0424689108521314ffee_x96.jpeg,Roger Helmer,@RogerHelmerMEP,https://twitter.com/RogerHelmerMEP/status/1401528543243288576,Jun 6,"Key point from Nigel. BLM promotes resentment and a victim mentality in the black community. Whites are fed up with being told they’re institutionally racist, and that they show “unconscious bias”. Far from being anti-racist, BLM actually promotes racial hatred.",Quote Tweet,https://pbs.twimg.com/profile_images/1385256843304386565/zyNRZ-Nd_normal.jpg,Nigel Farage,@Nigel_Farage,·,Jun 6,30,47,150,,,,,,,,,,,,,,,,,
https://twitter.com/richardgaisford,https://pbs.twimg.com/profile_images/378800000007565622/134a4fcb2b0fe70fac6e2bb81cb8211c_x96.jpeg,Richard Gaisford,@richardgaisford,https://twitter.com/richardgaisford/status/1397458724948692994,May 26,"It’s being billed as a four hour blockbuster - Dominic Cummings lays out his side of the Covid story to MPs this morning, threatening to inflict damage on",,https://pbs.twimg.com/ext_tw_video_thumb/1397458640903327754/pu/img/ZJUfPDYb7MnTWW4v.jpg,,,,,17,6,48,@BorisJohnson,https://twitter.com/BorisJohnson,. Offering analysis from Arizona,@GMB,https://twitter.com/GMB,", fellow Brexit campaigner",@Nigel_Farage,https://twitter.com/Nigel_Farage,describes Cummings as “vengeful”,blob:https://twitter.com/ae65a3b3-1f1b-463e-95ac-d7cc0a87b0ee,,,,,,,
https://twitter.com/NoahWWall,https://pbs.twimg.com/profile_images/1395495447398162435/Gn5WjuJS_x96.jpg,Noah Wall,@NoahWWall,https://twitter.com/NoahWWall/status/1394353522502561794,May 17,"This week,",,,,,,,23,21,65,@Nigel_Farage,https://twitter.com/Nigel_Farage,"will be visiting:
-Pittsburgh, PA (5/17)
-Cincinnati, OH (5/18)
-Dallas, TX (5/20)
-San Antonio (5/21)
On",@FreedomWorks,https://twitter.com/FreedomWorks,with,,,! We’re proud to join Nigel in this important effort to mobilize conservatives around the nation.,,#AmericasComebackTour,https://twitter.com/hashtag/AmericasComebackTour?src=hashtag_click,https://twitter.com/hashtag/ampFW?src=hashtag_click,,,,
https://twitter.com/LindholmScott,https://pbs.twimg.com/profile_images/1072259281003655169/fnXXvEjC_x96.jpg,Scott Lindholm,@LindholmScott,https://twitter.com/LindholmScott/status/1392564497546678274,May 12,"We saw you last night in Elmhurst, IL.  Thanks for the pep talk.  It is exactly what everyone needed.",Replying to,,@Nigel_Farage,and,@FreedomWorks,,3,,,,https://twitter.com/FreedomWorks,,,https://twitter.com/Nigel_Farage,,,,,,,,,,,,
https://twitter.com/FreedomWorks,https://pbs.twimg.com/profile_images/1226591396158754816/qkSbAVrE_x96.jpg,FreedomWorks,@FreedomWorks,https://twitter.com/FreedomWorks/status/1392206650669424642,May 11,"This week,",Quote Tweet,https://pbs.twimg.com/profile_images/1226591396158754816/qkSbAVrE_normal.jpg,FreedomWorks,@FreedomWorks,·,May 11,2,6,9,@Nigel_Farage,https://twitter.com/Nigel_Farage,and,,,will visit:,#ampFW,https://twitter.com/hashtag/ampFW?src=hashtag_click,"Chicago, IL (5/11)",blob:https://twitter.com/25c8006a-93a1-4972-a339-669f9f77ddaf,#AmericasComebackTour,https://twitter.com/hashtag/AmericasComebackTour?src=hashtag_click,https://twitter.com/hashtag/America?src=hashtag_click,#ampFW,https://pbs.twimg.com/ext_tw_video_thumb/1392147465382633474/pu/img/9rmmaGLDzui0zq_k.jpg,https://twitter.com/FreedomWorks/status/1392206650669424642,
https://twitter.com/NoahWWall,https://pbs.twimg.com/profile_images/1395495447398162435/Gn5WjuJS_x96.jpg,Noah Wall,@NoahWWall,https://twitter.com/NoahWWall/status/1390339321828319232,May 6,.,,,,,,,4,11,42,@FreedomWorks,https://twitter.com/FreedomWorks,is proud to team with,@Nigel_Farage,https://twitter.com/Nigel_Farage,for,@JoeBiden,https://twitter.com/JoeBiden,"! Over the next month, this tour will:
-Energize conservative activists around the nation
-Mobilize thousands against",,#AmericasComebackTour,https://twitter.com/hashtag/AmericasComebackTour?src=hashtag_click,https://twitter.com/hashtag/ampFW?src=hashtag_click,,,,
https://twitter.com/newsmax,https://pbs.twimg.com/profile_images/1394735604269817857/AXKKo6XT_x96.jpg,Newsmax,@newsmax,https://twitter.com/newsmax/status/1389312435706867715,May 3,PROGRAM ALERT,and 4 others,,Sean Spicer,,,,74,79,266,@G_CURLEY,https://twitter.com/G_CURLEY,":

• 6:45PM ET:",@EricTrump,https://twitter.com/EricTrump,• 7:25:,@Nigel_Farage,https://twitter.com/Nigel_Farage,• 7:45:,,,,https://twitter.com/ASavageNation,http://,https://pbs.twimg.com/media/E0fQdhLXoAQ7-nY?format=jpg&name=medium,https://twitter.com/newsmax/status/1389312435706867715/media_tags,https://twitter.com/newsmax/status/1389312435706867715/photo/1
https://twitter.com/LozzaFox,https://pbs.twimg.com/profile_images/1376911883723276288/41p0gTa2_x96.jpg,Laurence Fox,@LozzaFox,https://twitter.com/LozzaFox/status/1385174933676904448,Apr 22,I am absolutely delighted to receive,Reform UK and the Reclaim Party form pact for the London Assembly,https://pbs.twimg.com/ad_img/1385174658274762754/0XCxo_FK?format=png&name=900x900,standard.co.uk,,,,416,719,3.9K,@Nigel_Farage,https://twitter.com/Nigel_Farage,'s and,@TiceRichard,https://twitter.com/TiceRichard,"’s support in my race to be the next Mayor of London. 

I am also pleased to announce my endorsement for",@ReformParty_UK,https://twitter.com/reformparty_uk,"’s campaign for the London Assembly. 

It's your London. Your freedom. Reclaim it.",,,,,,,https://www.standard.co.uk/news/mayor/nigel-farage-backs-laurence-fox-mayor-london-2021-b931084.html,https://www.standard.co.uk/news/mayor/nigel-farage-backs-laurence-fox-mayor-london-2021-b931084.html
https://twitter.com/Varneyco,https://pbs.twimg.com/profile_images/462238346727526401/9vqChgMI_x96.png,Varney & Co.,@Varneyco,https://twitter.com/Varneyco/status/1381620622237794305,Apr 12,COMING UP AT 11AM:,,,,,,,8,6,26,@SandraSmithFox,https://twitter.com/SandraSmithFox,,@SheriffHodgson,https://twitter.com/SheriffHodgson,,@Nigel_Farage,https://twitter.com/Nigel_Farage,,,,,https://twitter.com/GoldinAuctions,,,,
https://twitter.com/DGB_earth,https://pbs.twimg.com/profile_images/1389316806947610632/UJfiZ3sN_x96.jpg,DutchGreen,@DGB_earth,https://twitter.com/DGB_earth/status/1377991334854856707,Apr 2,Find out more about,"Latest UK and World News, Sport and Comment | Express.co.uk",,express.co.uk,,,,20,11,106,@Nigel_Farage,https://twitter.com/Nigel_Farage,’s new role with DGB.,,,,,,,,,,https://t.co/QhOIG0pSdF?amp=1,,,https://t.co/QhOIG0pSdF?amp=1,
https://twitter.com/SDuijvestijn,https://pbs.twimg.com/profile_images/1360198158098305026/ku1gKOxU_x96.jpg,Selwyn Duijvestijn,@SDuijvestijn,https://twitter.com/SDuijvestijn/status/1376156309574270976,Mar 28,GIF,,https://pbs.twimg.com/tweet_video_thumb/ExkW3Q9WgAMrMmj.jpg,,,,,10,4,26,,,,,,,,,,https://video.twimg.com/tweet_video/ExkW3Q9WgAMrMmj.mp4,#WelkomNigel,https://twitter.com/hashtag/WelkomNigel?src=hashtag_click,,,,,
https://twitter.com/Iromg,https://pbs.twimg.com/profile_images/1395499426999844867/48w0xKMF_x96.jpg,Mike Graham,@Iromg,https://twitter.com/Iromg/status/1375111362347737096,Mar 25,Get the,,,,,,,37,98,327,@Nigel_Farage,https://twitter.com/Nigel_Farage,interview in full here. “We are on the verge of an immigration explosion” says the former leader of the,@talkRADIO,https://twitter.com/talkRADIO,party,@YouTube,https://twitter.com/YouTube,today,,#Brexit,https://twitter.com/hashtag/Brexit?src=hashtag_click,,https://,https://pbs.twimg.com/media/ExVgfMXXAAk6iNP?format=jpg&name=medium,,https://twitter.com/Iromg/status/1375111362347737096/photo/1
https://twitter.com/Ex_arv_sgt,https://pbs.twimg.com/profile_images/1387886128569651202/4si0Je_a_x96.jpg,Harry Tangye,@Ex_arv_sgt,https://twitter.com/Ex_arv_sgt/status/1372547954083500032,Mar 18,"Absolutely spot on, and many have said, ""I don't usually agree or like",Replying to,,@Nigel_Farage,,,,3,4,86,@nigel_farage,https://twitter.com/Nigel_Farage,"but have to admit he's bang on here."" on my quoted tweet.",,https://twitter.com/Nigel_Farage,,,,,,,,,,,,
https://twitter.com/Iromg,https://pbs.twimg.com/profile_images/1395499426999844867/48w0xKMF_x96.jpg,Mike Graham,@Iromg,https://twitter.com/Iromg/status/1371935464312160272,Mar 16,The big interview with,,,,,,,13,34,205,@Nigel_Farage,https://twitter.com/Nigel_Farage,has racked up nearly 500k views. His view on the,@piersmorgan,https://twitter.com/piersmorgan,affair and,@talkRADIO,https://twitter.com/talkRADIO,"is unmissable.
“Piers Morgan Harry and Meghan row shows “cowardice of ITV”",,#HarryandMeghan,https://twitter.com/hashtag/HarryandMeghan?src=hashtag_click,https://twitter.com/YouTube,https://,https://pbs.twimg.com/media/EwoYBohXAAMpG87?format=jpg&name=medium,,https://twitter.com/Iromg/status/1371935464312160272/photo/1
https://twitter.com/IngrahamAngle,https://pbs.twimg.com/profile_images/1146349820912660480/CjdAuR5i_x96.jpg,Laura Ingraham,@IngrahamAngle,https://twitter.com/IngrahamAngle/status/1369839538475053058,Mar 11,The backstory of the liberal elites will be unraveled tonight at 10pET ⁦,,,,,,,210,141,1K,@FoxNews,https://twitter.com/FoxNews,⁩ with ⁦,@Nigel_Farage,https://twitter.com/Nigel_Farage,⁩ ⁦,@RaymondArroyo,https://twitter.com/RaymondArroyo,⁩ ⁦,,,,https://twitter.com/SenHawleyPress,,https://pbs.twimg.com/media/EwKlzMkWQAIkbTc?format=jpg&name=small,,https://twitter.com/IngrahamAngle/status/1369839538475053058/photo/1
https://twitter.com/reformparty_uk,https://pbs.twimg.com/profile_images/1346947741721751552/slgQ-Nu1_x96.jpg,Reform UK,@reformparty_uk,https://twitter.com/reformparty_uk/status/1368311165357613058,Mar 6,As,,,,,,,423,584,3.8K,@Nigel_Farage,https://twitter.com/Nigel_Farage,"steps down as leader of Reform UK, we would like to thank him for his leadership, vision and dedication. We are happy to announce that he will be taking up the role of Honorary President of the party.",,,Read Nigel's message in full here:,,,,,,,,http://,https://pbs.twimg.com/media/Ev0wRjYXIAgr7ED?format=jpg&name=medium,,https://twitter.com/reformparty_uk/status/1368311165357613058/photo/1
https://twitter.com/W7VOA,https://pbs.twimg.com/profile_images/1325994854443347968/Ji5PcGKV_x96.jpg,Steve Herman,@W7VOA,https://twitter.com/W7VOA/status/1368297871867473921,Mar 6,"“Party politics, campaigning, being involved in elections, that is now over for me because I've achieved the one thing I set out: to achieve the independence of the UK,” says",Quote Tweet,https://pbs.twimg.com/profile_images/1367496806565875738/Z2ESogbB_normal.jpg,Christopher Hope,@christopherhope,·,Mar 6,6,7,40,@Nigel_Farage,https://twitter.com/Nigel_Farage,.,,,":  ""I've knocked on my last door. I'm going to step down as the leader of Reform UK.""",,,telegraph.co.uk/politics/2021/,,,,,@Nigel_Farage,,,
https://twitter.com/stoolpresidente,https://pbs.twimg.com/profile_images/1394378537516285956/X2LXe6cU_x96.jpg,Dave Portnoy,@stoolpresidente,https://twitter.com/stoolpresidente/status/1354848771184750598,Jan 28,Emergency Press Conference - Everybody On Wall Street Who Had A Hand In Today’s Crime Needs To Go To Prison,,https://pbs.twimg.com/amplify_video_thumb/1354847051968876547/img/N7liSUFnTWRztdzQ.jpg,,,,,6.6K,53.1K,170.2K,,,,,,,,,,blob:https://twitter.com/3ef5e8eb-6551-438e-ae30-29c2945293b3,,,,,,,
https://twitter.com/josh_hammer,https://pbs.twimg.com/profile_images/1303923942508425216/lyIovpyj_x96.jpg,Josh Hammer,@josh_hammer,https://twitter.com/josh_hammer/status/1355946791607226369,Jan 31,"“The GameStop Saga Proves Populism is Here to Stay,” argues ⁦",The GameStop saga proves populism is here to stay | Opinion,https://pbs.twimg.com/card_img/1403856298920263680/giJDVsGr?format=jpg&name=medium,newsweek.com,A common view is that these authority figures look after their own interests only. This feeling has been especially strong since the 2008 financial crisis.,,,3,8,64,@Nigel_Farage,https://twitter.com/Nigel_Farage,⁩ in this weekend’s ⁦,@NewsweekOpinion,https://twitter.com/NewsweekOpinion,⁩.,,,,,,,,,,https://t.co/Pit806nCFd?amp=1,https://t.co/Pit806nCFd?amp=1
https://twitter.com/josh_hammer,https://pbs.twimg.com/profile_images/1303923942508425216/lyIovpyj_x96.jpg,Josh Hammer,@josh_hammer,https://twitter.com/josh_hammer/status/1354535795462295552,Jan 27,"""Davos Gives a Pass to Xi Jinping's Hypocrisy.”",Davos gives a pass to Xi Jinping's hypocrisy | Opinion,,newsweek.com,Be under no illusion: communist China is the biggest threat to our way of life in the West. The Davos crowd is simply too blind to see it.,,,3,9,19,@Nigel_Farage,https://twitter.com/Nigel_Farage,’s latest for,@NewsweekOpinion,https://twitter.com/NewsweekOpinion,.,,,,,,,,,,https://t.co/HYY2Fage1k?amp=1,https://t.co/HYY2Fage1k?amp=1
https://twitter.com/Telegraph,https://pbs.twimg.com/profile_images/943090005723041792/2cjxINlJ_x96.jpg,The Telegraph,@Telegraph,https://twitter.com/Telegraph/status/1328322882917818371,"Nov 16, 2020",.,,https://pbs.twimg.com/ext_tw_video_thumb/1328319074636591104/pu/img/0_PmW-s69qXyin5W.jpg,,,6/watch-nigel-farage-deeply-concerned-brexit-cummings-departure/,…,148,40,336,@Nigel_Farage,https://twitter.com/Nigel_Farage,"believes the departure of Dominic Cummings is ""bad news"" for Brexit",,,,,,,blob:https://twitter.com/f0a1c881-08bd-41ae-a04a-571e821b385c,,,,https://,,,
https://twitter.com/chiltonforiowa,https://pbs.twimg.com/profile_images/1226584474076487680/H5B6igYG_x96.jpg,Pauline Chilton,@chiltonforiowa,https://twitter.com/chiltonforiowa/status/1323303875437363200,"Nov 2, 2020",makes some very important points here.,Quote Tweet,https://pbs.twimg.com/profile_images/1385256843304386565/zyNRZ-Nd_normal.jpg,Nigel Farage,@Nigel_Farage,·,"Nov 2, 2020",2,8,,@Nigel_Farage,https://twitter.com/Nigel_Farage,,,,,,,,blob:https://twitter.com/b72bff43-db9c-4c2f-9d8f-c20de28a1731,,,,#antifa,https://pbs.twimg.com/media/El1M_0TXEAEBZ25.jpg,,
https://twitter.com/spencermorgan93,https://pbs.twimg.com/profile_images/1331760496656216064/juB3ZVPL_x96.jpg,Spencer Morgan,@spencermorgan93,https://twitter.com/spencermorgan93/status/1323259761983430656,"Nov 2, 2020",Might be time for us to reunite,,,,,,,44,35,898,@Nigel_Farage,https://twitter.com/Nigel_Farage,,,,,,,,,#freedomparty,https://twitter.com/hashtag/freedomparty?src=hashtag_click,,,https://pbs.twimg.com/media/El0pvD5WoAIsRwP?format=jpg&name=medium,,https://twitter.com/spencermorgan93/status/1323259761983430656/photo/1
https://twitter.com/davidhaye,https://pbs.twimg.com/profile_images/1075430433465294848/KXvf8er8_x96.jpg,David Haye,@davidhaye,https://twitter.com/davidhaye/status/1322306023089209346,"Oct 30, 2020",Put him in the ring with,Usyk vs Chisora: Book now!,https://pbs.twimg.com/ad_img/1322305475917029378/8GGfIe8n?format=jpg&name=900x900,sky.com,,,,38,8,226,@DerekWarChisora,https://twitter.com/DerekWarChisora,on Saturday 31st October live on Sky Sports Box Office. Just hours to go. You'll see,,,,,,,,#UsykChisora,https://twitter.com/hashtag/UsykChisora?src=hashtag_click,,,,https://bit.ly/usykchisora,https://bit.ly/usykchisora
https://twitter.com/errongordon,https://pbs.twimg.com/profile_images/1396193037399859203/HHhL4Rjp_x96.jpg,Erron Gordon,@errongordon,https://twitter.com/errongordon/status/1322079548477943808,"Oct 30, 2020",talking,0:53,https://pbs.twimg.com/media/Elj2nFXWMAgP5_E.jpg,245.3K views,From,Good Morning Britain,,5,4,20,@Nigel_Farage,https://twitter.com/Nigel_Farage,,@realDonaldTrump,https://twitter.com/realDonaldTrump,,@GMB,https://twitter.com/GMB,,blob:https://twitter.com/907c13f7-c8b3-4ad1-b8b3-30f44448c4ec,#Election2020,https://twitter.com/hashtag/Election2020?src=hashtag_click,https://twitter.com/GMB,,,,
https://twitter.com/DouglasKMurray,https://pbs.twimg.com/profile_images/1329783256338866178/La5MphT5_x96.jpg,Douglas Murray,@DouglasKMurray,https://twitter.com/DouglasKMurray/status/1317914607525130240,"Oct 18, 2020",Great to catch up with,,,,,,,193,143,3.5K,@RubinReport,https://twitter.com/RubinReport,in LA.,,,,,,,,,,,,https://pbs.twimg.com/media/EkosWWnVcAAxr6l?format=jpg&name=medium,,https://twitter.com/DouglasKMurray/status/1317914607525130240/photo/1
https://twitter.com/charliespiering,https://pbs.twimg.com/profile_images/578946882342277120/XKbYZo_f_x96.jpeg,Charlie Spiering,@charliespiering,https://twitter.com/charliespiering/status/1314992306852954114,"Oct 10, 2020",-,Quote Tweet,https://pbs.twimg.com/profile_images/1388914843/mills_normal.jpg,Doug Mills,@dougmillsnyt,·,"Oct 10, 2020",152,988,5.4K,@RealCandaceO,https://twitter.com/RealCandaceO,and,@BLEXIT,https://twitter.com/BLEXIT,peaceful protest for law and order,,,,,,,,@realDonaldTrump,https://pbs.twimg.com/media/Ej_E5NyXkAUa7rE?format=jpg&name=medium,https://twitter.com/dougmillsnyt/status/1314986111484203009/photo/1,
https://twitter.com/ChristianJMay,https://pbs.twimg.com/profile_images/1192914460035502080/a0k3SGQz_x96.jpg,Christian May,@ChristianJMay,https://twitter.com/ChristianJMay/status/1309947370864549888,"Sep 26, 2020","Charles Moore to chair the BBC and Paul Dacre to chair Ofcom? Provocative appointments for sure, but only because it's been a while since a Conservative government attempted to inject some conservatism into national institutions. But what else is an 80 seat majority for?",,,,,,,24,77,658,,,,,,,,,,,,,,,,,
https://twitter.com/reformparty_uk,https://pbs.twimg.com/profile_images/1346947741721751552/slgQ-Nu1_x96.jpg,Reform UK,@reformparty_uk,https://twitter.com/reformparty_uk/status/1307756030366035968,"Sep 20, 2020","""We're at a point now where the cure is becoming worse than the disease itself.""

Watch Brexit Party Leader",,https://pbs.twimg.com/media/EiXkbr_X0AMuxlr.jpg,,From,Nigel Farage,,71,254,695,@Nigel_Farage,https://twitter.com/Nigel_Farage,in his latest video,,,,,,,blob:https://twitter.com/091b637a-8ad0-497d-a64d-a7e977f9d48c,#SayNoToLockdown,https://twitter.com/hashtag/SayNoToLockdown?src=hashtag_click,https://twitter.com/Nigel_Farage,,,,
https://twitter.com/MichaelVaughan,https://pbs.twimg.com/profile_images/1296417242721198085/Uv45b7bx_x96.jpg,Michael Vaughan,@MichaelVaughan,https://twitter.com/MichaelVaughan/status/1298287122709872641,"Aug 25, 2020",Remarkable achievement to play 156 Tests as a Batsman .. To do it as a quick bowler & then achieve 600 wickets is nothing short of extraordinary .. Well done,,,,,,,74,583,11.2K,@jimmy9,https://twitter.com/jimmy9,.. England’s greatest ever bowler ..,,,,,,,,#TestCricket,https://twitter.com/hashtag/TestCricket?src=hashtag_click,,,,,
https://twitter.com/talkRADIO,https://pbs.twimg.com/profile_images/1346061107685974016/adt9Ohhg_x96.jpg,talkRADIO,@talkRADIO,https://twitter.com/talkRADIO/status/1295307170171564032,"Aug 17, 2020","Nigel Farage sends his best wishes to James Whale, who has revealed he is fighting cancer: “He has been a great mate of mine for over 20 years…I was as upset as all your listeners will be to hear of his medical condition.”",,https://pbs.twimg.com/amplify_video_thumb/1295292675256590338/img/iZ_LoglEN7lLBzrk.jpg,,,,,9,58,482,@Iromg,https://twitter.com/Iromg,|,@Nigel_Farage,https://twitter.com/Nigel_Farage,|,@THEJamesWhale,https://twitter.com/THEJamesWhale,|,blob:https://twitter.com/2de401b7-5b6c-4a20-b780-86c7aaf5dbb5,,,https://twitter.com/danwootton,,,,
https://twitter.com/danwootton,https://pbs.twimg.com/profile_images/1354567673762508804/ZJvq-LKd_x96.jpg,Dan Wootton,@danwootton,https://twitter.com/danwootton/status/1293565148880306179,"Aug 12, 2020",On today's big,,,,,SQURc,…,5,4,42,@talkRADIO,https://twitter.com/talkRADIO,"Drivetime:

- Brexit Party leader",@Nigel_Farage,https://twitter.com/Nigel_Farage,- Shadow Chancellor,@AnnelieseDodds,https://twitter.com/AnnelieseDodds,- New Zealand Deputy Prime Minister,,,,https://twitter.com/winstonpeters,https://,https://pbs.twimg.com/media/Ec0KDYJWsAE-b8e?format=jpg&name=medium,,https://twitter.com/danwootton/status/1293565148880306179/photo/1
https://twitter.com/josh_hammer,https://pbs.twimg.com/profile_images/1303923942508425216/lyIovpyj_x96.jpg,Josh Hammer,@josh_hammer,https://twitter.com/josh_hammer/status/1266023236879466500,"May 28, 2020",Introducing a new blockbuster,Nationalism or globalism? Nigel Farage debates Marianne Williamson | Opinion,https://pbs.twimg.com/card_img/1402610050523447300/y-DvWkeD?format=jpg&name=medium,newsweek.com,Newsweek airs a blockbuster Debate about the big lesson to take away from the coronavirus pandemic.,,,18,28,106,@Newsweek,https://twitter.com/Newsweek,"Debate: Should coronavirus lead us to further embrace globalism or nationalism?

Globalism, argues",@marwilliamson,https://twitter.com/marwilliamson,".

Nationalism, argues",@Nigel_Farage,https://twitter.com/Nigel_Farage,.,,,,,,,https://t.co/ditS50OqEq?amp=1,https://t.co/ditS50OqEq?amp=1
https://twitter.com/TomlinsonCJ,https://pbs.twimg.com/profile_images/1318720819493744642/9IWEKB7X_x96.jpg,Chris Tomlinson,@TomlinsonCJ,https://twitter.com/TomlinsonCJ/status/1265786018298552321,"May 28, 2020",Coming this summer starring,,https://pbs.twimg.com/ext_tw_video_thumb/1265785974283476993/pu/img/q4Gtfq7wws3G55Te.jpg,,,,,11,79,377,@Nigel_Farage,https://twitter.com/Nigel_Farage,,,,,,,,blob:https://twitter.com/422a8f96-58a8-4083-91ff-4805eb6eadf7,,,,,,,
https://twitter.com/oliver_lane,https://pbs.twimg.com/profile_images/1305889830367305730/1BrPBiNu_x96.jpg,Oliver JJ Lane,@oliver_lane,https://twitter.com/oliver_lane/status/1263507688916496386,"May 21, 2020",Transponder data from UK & French coastguards proves,,,,,/21/exclusive-farages-french-migrant-escort-ship-also-handed-over-pett-level-migrants-last-week/,…,137,1.5K,2.8K,@Nigel_Farage,https://twitter.com/Nigel_Farage,"isn't just right about France escorting illegal migrants into British Waters yesterday, but they did so on Saturday as well. When will",@pritipatel,https://twitter.com/pritipatel,act? My report on the data:,@BorisJohnson,https://twitter.com/BorisJohnson,,,,,,https://,https://pbs.twimg.com/media/EYjg0UYWoAIZ0O3?format=jpg&name=medium,https://twitter.com/oliver_lane/status/1263507688916496386,https://twitter.com/oliver_lane/status/1263507688916496386/photo/1
https://twitter.com/BreitbartNews,https://pbs.twimg.com/profile_images/949270171755077632/dw3M-58z_x96.jpg,Breitbart News,@BreitbartNews,https://twitter.com/BreitbartNews/status/1263199299166502916,"May 20, 2020",Brexit leader,Watch: Farage Films French Navy Escorting Boat Migrants Into UK Waters,https://pbs.twimg.com/card_img/1403746684807438339/VydXWcu0?format=png&name=small,breitbart.com,"Farage called on the govt to act after he filmed the French Navy escorting an ""absolutely packed"" boat of illegal migrants into UK waters.",,,85,405,1.2K,@Nigel_Farage,https://twitter.com/Nigel_Farage,has called on the government to act after he filmed what appeared to be the French Navy escorting an “absolutely packed” rubber dinghy of illegal migrants into British waters.,,,,,,,,,,,,,https://t.co/HNUtLgkqkb?amp=1,https://t.co/HNUtLgkqkb?amp=1
https://twitter.com/PeterBoneUK,https://pbs.twimg.com/profile_images/1135471287516590080/Zkux65kk_x96.png,Peter Bone MP,@PeterBoneUK,https://twitter.com/PeterBoneUK/status/1260660742950436876,"May 13, 2020",Both of us have seen at first hand the serious failings of the Electoral Commission. You have consistently pointed this out for years. Now is the time for Parliament to act !!,Quote Tweet,https://pbs.twimg.com/profile_images/1385256843304386565/zyNRZ-Nd_normal.jpg,Nigel Farage,@Nigel_Farage,·,"May 13, 2020",71,544,2K,,,,,,,,,,,,,,,,,
https://twitter.com/JessicaJSaltz,https://pbs.twimg.com/profile_images/1181859396105715713/WvNRVY4p_x96.jpg,Jessica Saltz,@JessicaJSaltz,https://twitter.com/JessicaJSaltz/status/1260234421501865989,"May 12, 2020",I will be on the,,,,,,,3,1,26,@Nigel_Farage,https://twitter.com/Nigel_Farage,show on,@LBC,https://twitter.com/LBC,this evening discussing the rising R (infection rate) level of,,,and if it is really that worrying,,#COVIDー19,https://twitter.com/hashtag/COVID%E3%83%BC19?src=hashtag_click,,,,,
https://twitter.com/asabenn,https://pbs.twimg.com/profile_images/1293492724109369344/d0WlH89j_x96.jpg,Asa Bennett,@asabenn,https://twitter.com/asabenn/status/1257707894646194178,"May 5, 2020",Broadcaster,Quote Tweet,https://pbs.twimg.com/profile_images/1385256843304386565/zyNRZ-Nd_normal.jpg,Nigel Farage,@Nigel_Farage,·,"May 5, 2020",148,257,995,@Nigel_Farage,https://twitter.com/Nigel_Farage,defiant after police visit over his trips out amid coronavirus lockdown to make local reports on immigration,,,telegraph.co.uk/politics/2020/,,,https://,,,,,,https://pbs.twimg.com/media/EXRGqZ2XkAg6cfD?format=jpg&name=900x900,,https://twitter.com/asabenn/status/1257707894646194178/photo/1
https://twitter.com/AndrewRTDavies,https://pbs.twimg.com/profile_images/1251837902679674880/LfUkLx3e_x96.jpg,Andrew RT Davies,@AndrewRTDavies,https://twitter.com/AndrewRTDavies/status/1255855676670332928,"Apr 30, 2020",Whatever you think of,,,,,,,35,546,2.4K,@Arron_banks,https://twitter.com/Arron_banks,", it’s pretty shocking that most media outlets who were quick to report alleged wrongdoing are silent now he has been cleared. Another shocker for the Electoral Commission too whose days must surely now be numbered.",,,,,,,,,,,,,,
https://twitter.com/EddieHearn,https://pbs.twimg.com/profile_images/990842723912634368/zssvDZa5_x96.jpg,Eddie Hearn,@EddieHearn,https://twitter.com/EddieHearn/status/1254055007034445825,"Apr 25, 2020",This one’s going to drive the trolls potty! I’ve got a new chat show with Bellew,,https://pbs.twimg.com/ext_tw_video_thumb/1254054936943505408/pu/img/QVOpiy1Lr_CIGRl_.jpg,,,,,92,107,1.2K,@TonyBellew,https://twitter.com/TonyBellew,first episode drops Monday 6pm on,@MatchroomBoxing,https://twitter.com/MatchroomBoxing,YT with,@antmiddleton,https://twitter.com/antmiddleton,and,blob:https://twitter.com/d83c2bfc-5f98-4fdb-b6b4-1fd45ed98e6d,,,https://twitter.com/DerekWarChisora,,,,
https://twitter.com/MrHarryCole,https://pbs.twimg.com/profile_images/1390108008496128001/NFYfBTo8_x96.jpg,Harry Cole,@MrHarryCole,https://twitter.com/MrHarryCole/status/1253762791581908994,"Apr 24, 2020",This feels a bit longer than a year ago this weekend... interviewing,,,,,,,23,33,283,@Nigel_Farage,https://twitter.com/Nigel_Farage,"in sunny, if windy, Clacton. The Brexit party were on the march.. a month to the day later Mrs May resigned. A different age.",,,,,,,,,,,,https://pbs.twimg.com/media/EWZCmvsWsAIxoWb?format=jpg&name=medium,,https://twitter.com/MrHarryCole/status/1253762791581908994/photo/1
https://twitter.com/charliekirk11,https://pbs.twimg.com/profile_images/1095532385926631424/ODX2AmEZ_x96.jpg,Charlie Kirk,@charliekirk11,https://twitter.com/charliekirk11/status/1250895031826657280,"Apr 16, 2020","Nancy Pelosi sits in her $7.5 million San Francisco home

In front of her $24,000 fridges

Bragging about her stockpile of $13/pint, gourmet ice cream

All while 22 million Americans file for unemployment and funding for small businesses runs dry

Shameful.",,https://pbs.twimg.com/ext_tw_video_thumb/1250515003507171329/pu/img/c_5QHJ4HNeLI2gJu.jpg,,From,Matt Whitlock,,5.8K,10.6K,26.3K,,,,,,,,,,blob:https://twitter.com/2989caf9-5dc1-4afa-a0f1-2a4929dc2c4e,,,https://twitter.com/mattdizwhitlock,,,,
https://twitter.com/lucyallan,https://pbs.twimg.com/profile_images/1347693121321259012/6jFsjc-I_x96.jpg,Lucy Allan MP,@lucyallan,https://twitter.com/lucyallan/status/1244751032409825280,"Mar 31, 2020",This is wrong and we should not be afraid to say so.,Quote Tweet,https://pbs.twimg.com/profile_images/1194266018933284866/1SlFwqIc_normal.jpg,Warrington Police,@PoliceWarr,·,"Mar 29, 2020",674,614,3K,,,,,,,,,,,,,,,https://pbs.twimg.com/media/EUQn4kuXkAAIith?format=jpg&name=small,https://twitter.com/PoliceWarr/status/1244163251799195649/photo/1,
https://twitter.com/MrHarryCole,https://pbs.twimg.com/profile_images/1390108008496128001/NFYfBTo8_x96.jpg,Harry Cole,@MrHarryCole,https://twitter.com/MrHarryCole/status/1244030227900227585,"Mar 28, 2020",EXC: Plates shifting... No10's Bew foreign policy review shelved amid internal pressure for major rethink about relations with China,,https://pbs.twimg.com/media/EUOuRRpXgAES54T?format=png&name=small,,,,,329,1.3K,2.3K,,,Cabinet calls for Huawei u-turn and diplomatic deep freeze with China until they reform,,,Growing acceptance CV19 has blown up global politics,,,,,,,,,https://pbs.twimg.com/media/EUOuiXGXsAAdY3C?format=jpg&name=900x900,https://twitter.com/MrHarryCole/status/1244030227900227585,https://twitter.com/MrHarryCole/status/1244030227900227585/photo/2
https://twitter.com/latikambourke,https://pbs.twimg.com/profile_images/1202906967074910208/ciUsM4ZW_x96.jpg,Latika M Bourke,@latikambourke,https://twitter.com/latikambourke/status/1229643724931686401,"Feb 18, 2020",Boris Johnson's,Johnson's Huawei decision 'worst' Britain has made in years: Farage,https://pbs.twimg.com/card_img/1402062918485610504/zFdFqEQm?format=jpg&name=medium,smh.com.au,It comes as US House Speaker Nancy Pelosi told European nations that allowing Huawei into 5G would be like having Chinese state police 'right in your pocket'.,,,36,60,209,@Nigel_Farage,https://twitter.com/Nigel_Farage,approval 'threatens the,,,"partnership, our prospects of a new trade agreement with the US and Australia and perhaps even the future of NATO',",,,tells me.,,#Huawei,https://twitter.com/hashtag/Huawei?src=hashtag_click,https://twitter.com/hashtag/FiveEyes?src=hashtag_click,,,https://t.co/hArVyv0Fir?amp=1,https://t.co/hArVyv0Fir?amp=1
https://twitter.com/SpectatorEvents,https://pbs.twimg.com/profile_images/771663115377266689/vRhThw8U_x96.jpg,Spectator Events,@SpectatorEvents,https://twitter.com/SpectatorEvents/status/1226877433414070272,"Feb 10, 2020",Delighted to announce,The Spectator presents: Does Donald Trump deserve a second term?,https://pbs.twimg.com/card_img/1403247767280140288/vlJ_9XbW?format=jpg&name=medium,eventbrite.co.uk,"Join Lionel Shriver, Sarah Elliott , Amber Athey, and Freddy Gray to debate Trump and Biden just days before the US election.",,,12,13,95,@Nigel_Farage,https://twitter.com/Nigel_Farage,"will join the award-winning author Lionel Shriver, Sarah Elliott, chair of Republicans Overseas UK and other special guests for the",@spectator,https://twitter.com/spectator,'s US election event on 27 October. Book tickets here:,,,,,,,,,,https://t.co/m4RvQicdny?amp=1,https://t.co/m4RvQicdny?amp=1
https://twitter.com/GovBrewer,https://pbs.twimg.com/profile_images/378800000643460137/448e965708983f058a3fac55cbb2e8d4_x96.jpeg,Jan Brewer,@GovBrewer,https://twitter.com/GovBrewer/status/1224832710008430592,"Feb 5, 2020",Great seeing,,,,,,,12,16,281,@Nigel_Farage,https://twitter.com/Nigel_Farage,again today at lunch and catching up about,,,,,,,,#Brexit,https://twitter.com/hashtag/Brexit?src=hashtag_click,,,https://pbs.twimg.com/media/EP962z4U4AABmhY?format=jpg&name=small,,https://twitter.com/GovBrewer/status/1224832710008430592/photo/1
https://twitter.com/replouiegohmert,https://pbs.twimg.com/profile_images/378800000474059588/ae423b08bb7a6e382fbd54184d3257a9_x96.jpeg,Louie Gohmert,@replouiegohmert,https://twitter.com/replouiegohmert/status/1224925265366745088,"Feb 5, 2020",gave a terrific,,https://pbs.twimg.com/ext_tw_video_thumb/1224924857441431552/pu/img/1PKDJbTAu2f8bqS8.jpg,,,,,62,275,1.1K,@realDonaldTrump,https://twitter.com/realDonaldTrump,address tonight! As my guest,@Nigel_Farage,https://twitter.com/Nigel_Farage,"said, “It’s a united party behind him!”",,,,blob:https://twitter.com/69874f5a-d6d1-422d-bcc2-825fcd909e82,#SOTU,https://twitter.com/hashtag/SOTU?src=hashtag_click,,,,,
https://twitter.com/realDailyWire,https://pbs.twimg.com/profile_images/1050885601778528256/MyEPKgfM_x96.jpg,The Daily Wire,@realDailyWire,https://twitter.com/realDailyWire/status/1223355485492895744,"Jan 31, 2020","seE
yoU
later",,https://pbs.twimg.com/ext_tw_video_thumb/1223355414839877632/pu/img/V-D88qq5yb4MYnWj.jpg,,,,,404,3.3K,14.2K,,,,,,,,,,blob:https://twitter.com/3886a102-d679-4109-9193-1bb8f35db15c,,,,,,https://twitter.com/realDailyWire/status/1223355485492895744,
https://twitter.com/christopherhope,https://pbs.twimg.com/profile_images/1367496806565875738/Z2ESogbB_x96.jpg,Christopher Hope,@christopherhope,https://twitter.com/christopherhope/status/1223027984128466946,"Jan 31, 2020",NEW Epic ‘Chopper’s Brexit Lock-In’ planned for tomorrow night with,,,,,,,20,35,212,@Nigel_Farage,https://twitter.com/Nigel_Farage,", Mark Francois and",@allisonpearson,https://twitter.com/AllisonPearson,answering questions in front of a live studio audience. The event sold out quicker than Glastonbury. Hear the podcast for free from 11pm @brexitbroadcast,,,,,,,,,,,
https://twitter.com/spectator,https://pbs.twimg.com/profile_images/1261240647564120065/5liGH2y8_x96.png,The Spectator,@spectator,https://twitter.com/spectator/status/1220107848568442881,"Jan 22, 2020",The Spectator’s disruptor of the decade is Nigel Farage,,,,,,,102,118,552,,,,,,,,,,,,,,,https://pbs.twimg.com/media/EO6xnsJXUAAY29g?format=jpg&name=medium,,https://twitter.com/spectator/status/1220107848568442881/photo/1
https://twitter.com/LonnekeEngel,https://pbs.twimg.com/profile_images/1291170216093900800/t_fEYo-P_x96.jpg,Lonneke,@LonnekeEngel,https://twitter.com/LonnekeEngel/status/1217218502471364612,"Jan 14, 2020",Is this for real??,Quote Tweet,https://pbs.twimg.com/profile_images/1385256843304386565/zyNRZ-Nd_normal.jpg,Nigel Farage,@Nigel_Farage,·,"Jan 13, 2020",31,54,330,,,"It is obvious that individual countries do not matter anymore. It is the EU from now on, everyone has to follow EU Law and Rules.... 

Lucky for you guys that you are leaving!",,,,,,,,#Brexit,https://twitter.com/hashtag/Brexit?src=hashtag_click,,,,,
https://twitter.com/christopherhope,https://pbs.twimg.com/profile_images/1367496806565875738/Z2ESogbB_x96.jpg,Christopher Hope,@christopherhope,https://twitter.com/christopherhope/status/1216035404123713536,"Jan 11, 2020",Here is some news from tomorrow's Sunday,Boris Johnson could be given honour of addressing both houses of Congress on US trip,https://pbs.twimg.com/card_img/1402846217919295491/xQc2vlEL?format=jpg&name=medium,telegraph.co.uk,Boris Johnson could be given the honour of addressing both Houses of Congress when he visits the US as expected next month.,01/11/boris-johnson-could-given-honour-addressing-houses-congress/?WT.mc_id=tmg_share_tw,…,52,128,583,@Telegraph,https://twitter.com/Telegraph,"to whet your appetite:

EXCLUSIVE Boris Johnson could be given prestigious honour of addressing both houses of Congress on mooted post-Brexit day US trip next month",@Telegraph,https://twitter.com/Telegraph,via,@benrileysmith,https://twitter.com/benrileysmith,with,,,,,https://,,https://t.co/IjfECxPaTp?amp=1,https://t.co/IjfECxPaTp?amp=1
https://twitter.com/MartinDaubney,https://pbs.twimg.com/profile_images/1365000640305496065/7iTWvhKN_x96.jpg,Martin Daubney,@MartinDaubney,https://twitter.com/MartinDaubney/status/1206894647030747136,"Dec 17, 2019",It’s the final Strasbourg of the year - wishing you all a Merry Brexmas from the ⁦,,,,,,,191,453,2.9K,@brexitparty_uk,https://twitter.com/brexitparty_uk,"⁩ 

46 days ‘til freedom!",,,,,,,,#changepoliticsforgood,https://twitter.com/hashtag/changepoliticsforgood?src=hashtag_click,,,https://pbs.twimg.com/media/EL_AR4tWwAAh5h7?format=jpg&name=medium,,https://twitter.com/MartinDaubney/status/1206894647030747136/photo/1
https://twitter.com/SophyRidgeSky,https://pbs.twimg.com/profile_images/1242043102128373762/-SEqvI4U_x96.jpg,Sophy Ridge,@SophyRidgeSky,https://twitter.com/SophyRidgeSky/status/1203295601439526913,"Dec 7, 2019",It’s the final Sunday of the campaign and we’ve got a huge,,,,,,,51,42,184,@RidgeOnSunday,https://twitter.com/RidgeOnSunday,tomorrow:,@BorisJohnson,https://twitter.com/BorisJohnson,Prime Minister,@JonAshworth,https://twitter.com/JonAshworth,Shadow Health Secretary,,#Ridge,https://twitter.com/hashtag/Ridge?src=hashtag_click,https://twitter.com/joswinson,,,,
https://twitter.com/angus_young61,https://pbs.twimg.com/profile_images/537745981186379777/UbR4qoDY_x96.jpeg,angus young,@angus_young61,https://twitter.com/angus_young61/status/1200894356049272832,"Nov 30, 2019","Well, a lively debate on",,https://pbs.twimg.com/ext_tw_video_thumb/1200893412502847488/pu/img/D7HFdZywYGdhXk_c.jpg,,,,,24,33,208,@EmmaHardyMP,https://twitter.com/EmmaHardyMP,’s response to,@Nigel_Farage,https://twitter.com/Nigel_Farage,after his visit to Hull this week. Here’s what he had to say. More on,@hulllive,https://twitter.com/hulllive,via,blob:https://twitter.com/f07eefb2-9084-4675-80e8-75a00be0b7d6,#GE2019,https://twitter.com/hashtag/GE2019?src=hashtag_click,,,,,
https://twitter.com/june_mummery,https://pbs.twimg.com/profile_images/1184468077972508672/eXJu7v3__x96.jpg,June Mummery,@june_mummery,https://twitter.com/june_mummery/status/1199742841561456640,"Nov 27, 2019",I am pleased to be speaking in Hull tomorrow morning with,,,,,,,21,149,462,@MichelleDewbs,https://twitter.com/MichelleDewbs,and,@Nigel_Farage,https://twitter.com/Nigel_Farage,". Join me if you can, or catch the Livestream.",,,,,,,,,https://pbs.twimg.com/media/EKZXwJ8WwAAw8xP?format=jpg&name=medium,,https://twitter.com/june_mummery/status/1199742841561456640/photo/1
https://twitter.com/MartinDaubney,https://pbs.twimg.com/profile_images/1365000640305496065/7iTWvhKN_x96.jpg,Martin Daubney,@MartinDaubney,https://twitter.com/MartinDaubney/status/1196532875258187782,"Nov 18, 2019","We had a superb walkabout in Eastwood, Ashfield. It’s the beating heart of Brexit country 

I’m going to fight all the way to",Quote Tweet,https://pbs.twimg.com/profile_images/1385256843304386565/zyNRZ-Nd_normal.jpg,Nigel Farage,@Nigel_Farage,·,"Nov 16, 2019",22,145,484,@brexitparty_uk,https://twitter.com/brexitparty_uk,,@BrexitPartyNot1,https://twitter.com/BrexitPartyNot1,,,,,blob:https://twitter.com/62f54b14-9e28-4dea-b073-a7bdee052027,#ChangePoliticsForGood,https://twitter.com/hashtag/ChangePoliticsForGood?src=hashtag_click,,,https://pbs.twimg.com/ext_tw_video_thumb/1195694761291714560/pu/img/Tl13PUpN5gGD4dHp.jpg,,
https://twitter.com/davidhaye,https://pbs.twimg.com/profile_images/1075430433465294848/KXvf8er8_x96.jpg,David Haye,@davidhaye,https://twitter.com/davidhaye/status/1181542522612518912,"Oct 8, 2019",British battlefields,,https://pbs.twimg.com/media/EGWulzhW4AE5agr.jpg,,,,,33,58,612,,,26.10.19,,,,,,,blob:https://twitter.com/4184fe25-6f71-42fa-8e34-554413ec784f,#ChisoraPrice,https://twitter.com/hashtag/ChisoraPrice?src=hashtag_click,,,,,
https://twitter.com/GeoffreyBoycott,https://pbs.twimg.com/profile_images/1390712062398054401/AC0br6MR_x96.jpg,Sir Geoffrey Boycott,@GeoffreyBoycott,https://twitter.com/GeoffreyBoycott/status/1165335080212058118,"Aug 24, 2019","Well done, terrific batting Joe Root and Joe Denly, gave us back some pride & just a sniff of a chance of victory. Thank you. Still difficult to win but not impossible, records are meant to be broken. Good luck",,,,,,,227,647,10.2K,@ECB_cricket,https://twitter.com/ECB_cricket,,,,,,,,,,,,,,,
https://twitter.com/DerekWarChisora,https://pbs.twimg.com/profile_images/1325822218819997701/9OUTRskH_x96.jpg,Derek Chisora,@DerekWarChisora,https://twitter.com/DerekWarChisora/status/1158725634698489858,"Aug 6, 2019",,,,,,,,74,107,1.7K,,,,,,,,,,,#WARCHISORA,https://twitter.com/hashtag/WARCHISORA?src=hashtag_click,,,https://pbs.twimg.com/media/EBSe0blXkAMPNKT?format=jpg&name=large,,https://twitter.com/DerekWarChisora/status/1158725634698489858/photo/1
https://twitter.com/Schneider_DC,https://pbs.twimg.com/profile_images/1254043289373872129/0OWPslHu_x96.jpg,Dan Schneider,@Schneider_DC,https://twitter.com/Schneider_DC/status/1158567470741016576,"Aug 6, 2019",Barbara has attended every,,,,,,,6,18,94,@CPAC,https://twitter.com/CPAC,"since 1982, and now she is in Sydney to attend the inaugural",@CpacAustralia,https://twitter.com/CpacAustralia,(August 9-10)!,@Nigel_Farage,https://twitter.com/Nigel_Farage,,,,,https://twitter.com/RaheemKassam,,https://pbs.twimg.com/media/EBQO8oaXsAEcCZM?format=jpg&name=medium,,https://twitter.com/Schneider_DC/status/1158567470741016576/photo/1
https://twitter.com/DerekWarChisora,https://pbs.twimg.com/profile_images/1325822218819997701/9OUTRskH_x96.jpg,Derek Chisora,@DerekWarChisora,https://twitter.com/DerekWarChisora/status/1152721565773193217,"Jul 21, 2019",Thank you London,,,,,,,163,415,7.3K,@joeboxerparker,https://twitter.com/joeboxerparker,.,,,you’re next,,,,,,,,,https://pbs.twimg.com/media/D_9KI1jWkAADOFK?format=jpg&name=large,,https://twitter.com/DerekWarChisora/status/1152721565773193217/photo/1
https://twitter.com/MartinDaubney,https://pbs.twimg.com/profile_images/1365000640305496065/7iTWvhKN_x96.jpg,Martin Daubney,@MartinDaubney,https://twitter.com/MartinDaubney/status/1148276797722808321,"Jul 8, 2019","By Steve's hen-brained logic, if we added up all the other contestant's votes in 2004, he wouldn't have won the X-Factor after all? Is that how this works?",Quote Tweet,https://pbs.twimg.com/profile_images/1282962813200326657/y3Y7zMf-_normal.jpg,Steve Brookstein,@stevebrookstein,·,"Jul 8, 2019",51,85,490,,,Replying to @gspvfc  @MartinDaubney,,,and,,,,,,,,#justsaying,,,
https://twitter.com/MarkReckless,https://pbs.twimg.com/profile_images/1395674818721325058/9Bun4mUz_x96.jpg,Mark Reckless,@MarkReckless,https://twitter.com/MarkReckless/status/1146183454540947459,"Jul 3, 2019",Britain is more than a star on somebody else’s flag,Quote Tweet,https://pbs.twimg.com/profile_images/1385256843304386565/zyNRZ-Nd_normal.jpg,Nigel Farage,@Nigel_Farage,·,"Jul 2, 2019",146,361,1.9K,,,0:59,,,910.7K views,,,,blob:https://twitter.com/509f4224-8e43-4394-94f6-42e827b556e7,,,,,,,
https://twitter.com/christopherhope,https://pbs.twimg.com/profile_images/1367496806565875738/Z2ESogbB_x96.jpg,Christopher Hope,@christopherhope,https://twitter.com/christopherhope/status/1135510274293866497,"Jun 3, 2019",The Queen wears the Brexit Party colours days before the Peterborough by-election ...,,,,,,,154,348,1.7K,,,,,,,,,,,,,,,https://pbs.twimg.com/media/D8Ikh3yXkAAU3rF?format=jpg&name=medium,,https://twitter.com/christopherhope/status/1135510274293866497/photo/1
https://twitter.com/reformparty_uk,https://pbs.twimg.com/profile_images/1346947741721751552/slgQ-Nu1_x96.jpg,Reform UK,@reformparty_uk,https://twitter.com/reformparty_uk/status/1135270436156190720,"Jun 2, 2019","Join our movement for democracy by helping to campaign in the Peterborough by-election over the next few days.

The other parties have huge resources, we need your help to win.

Office: The Ground Floor, Trinity Court, Trinity Street, Peterborough, PE1 1PR.",,https://pbs.twimg.com/amplify_video_thumb/1135235140983099392/img/oh3NEe4UA-Hy2a2_.jpg,,From,Nigel Farage,,153,640,2.1K,,,,,,,,,,blob:https://twitter.com/641aec1c-3d48-4b9b-9b6c-975182a7856e,,,https://twitter.com/Nigel_Farage,,,,
https://twitter.com/MartinDaubney,https://pbs.twimg.com/profile_images/1365000640305496065/7iTWvhKN_x96.jpg,Martin Daubney,@MartinDaubney,https://twitter.com/MartinDaubney/status/1134726382225895424,"Jun 1, 2019",Big queue outside,,,,,,,167,502,2.1K,@brexitparty_uk,https://twitter.com/brexitparty_uk,rally before doors open,,,@MikeGreeneTBP,,,,,#ChangePoliticsForGood,https://twitter.com/hashtag/ChangePoliticsForGood?src=hashtag_click,,,https://pbs.twimg.com/media/D79bnLPWkAAsEjT?format=jpg&name=large,,https://twitter.com/MartinDaubney/status/1134726382225895424/photo/1
https://twitter.com/Darcy_IB,https://pbs.twimg.com/profile_images/1391414570082840577/_kSpAaB2_x96.jpg,Darcy Iveson-Berkeley,@Darcy_IB,https://twitter.com/Darcy_IB/status/1134469926708813824,"May 31, 2019","Currently en route to Peterborough, to help out with tomorrow’s campaign day! Let’s get our first Brexit Party MP!!",,https://pbs.twimg.com/ext_tw_video_thumb/1134469793053106182/pu/img/bGaVuWhU737WpHrn.jpg,,,,,300,987,3.9K,@brexitparty_uk,https://twitter.com/brexitparty_uk,I look forward to seeing you all tomorrow! @MikeGreeneTBP,@Nigel_Farage,https://twitter.com/Nigel_Farage,,@Fox_Claire,https://twitter.com/Fox_Claire,,blob:https://twitter.com/96329022-1abc-4895-b5d8-03e1d1dce26f,,,https://twitter.com/KevinNMoore,,,,
https://twitter.com/Peter_Shilton,https://pbs.twimg.com/profile_images/745618857361022976/sN3z_VJr_x96.jpg,Peter Shilton,@Peter_Shilton,https://twitter.com/Peter_Shilton/status/1131529646997032960,"May 23, 2019",Mr & Mrs S did,Replying to,,@reformparty_uk,and,@brexitparty_uk,@Nigel_Farage,42,62,459,,https://twitter.com/brexitparty_uk,,,https://twitter.com/reformparty_uk,,,https://twitter.com/Nigel_Farage,,,,,,,https://pbs.twimg.com/media/D7QAL1eWsAAqymt?format=jpg&name=medium,,https://twitter.com/Peter_Shilton/status/1131529646997032960/photo/1
https://twitter.com/reformparty_uk,https://pbs.twimg.com/profile_images/1346947741721751552/slgQ-Nu1_x96.jpg,Reform UK,@reformparty_uk,https://twitter.com/reformparty_uk/status/1131258476762718210,"May 22, 2019","""We finally turned them into a colony, and that was our plan from the first moment."" - Aide to EU politician Guy Verhofstadt. 

Tomorrow we make our choice about the type of country we want to be.",,,,,,,171,1.4K,2.5K,,,,,,,,,,,,,,,https://pbs.twimg.com/media/D7MJlt5WkAAfCG9?format=jpg&name=medium,,https://twitter.com/reformparty_uk/status/1131258476762718210/photo/1
https://twitter.com/reformparty_uk,https://pbs.twimg.com/profile_images/1346947741721751552/slgQ-Nu1_x96.jpg,Reform UK,@reformparty_uk,https://twitter.com/reformparty_uk/status/1120658994543177728,"Apr 23, 2019","""Don't get me wrong, I'm from the left. 

If you sat Nigel and I down, I am not going to agree with them on any range of questions. But the question now is whether we are going to let democracy be overturned."" -",,https://pbs.twimg.com/ext_tw_video_thumb/1120658845943107584/pu/img/_ROQIQFXe0mykmzd.jpg,,,,,1K,2.2K,6.4K,@Fox_Claire,https://twitter.com/Fox_Claire,on why she is standing for The Brexit Party.,,,,,,,blob:https://twitter.com/59b6c00b-1c41-4216-bfbf-e187c8130540,,,,,,,
https://twitter.com/reformparty_uk,https://pbs.twimg.com/profile_images/1346947741721751552/slgQ-Nu1_x96.jpg,Reform UK,@reformparty_uk,https://twitter.com/reformparty_uk/status/1120673821453889536,"Apr 23, 2019","""I want to unlock Britain's potential. Let's change politics for good."" - Charity leader Matthew Patten on why he is standing for The Brexit Party on 23rd May.",,https://pbs.twimg.com/ext_tw_video_thumb/1120673729741230080/pu/img/d-73Z-Xb82nVeRN8.jpg,,,,,88,800,2.6K,,,,,,,,,,blob:https://twitter.com/eb36d908-671f-4651-a89b-12e1a9fafe4e,,,,,,,
https://twitter.com/reformparty_uk,https://pbs.twimg.com/profile_images/1346947741721751552/slgQ-Nu1_x96.jpg,Reform UK,@reformparty_uk,https://twitter.com/reformparty_uk/status/1120688980662652928,"Apr 23, 2019","""This isn't just about Europe and Brexit, this is about democracy.""",,https://pbs.twimg.com/ext_tw_video_thumb/1120688881098268672/pu/img/gN3lH6yRPkkERFOw.jpg,,,,,149,978,2.9K,@LanceForman,https://twitter.com/LanceForman,owner of H.Forman & Son on why he is standing for The Brexit Party.,,,,,,,blob:https://twitter.com/57c73e1f-f80f-47dc-a4bd-61a9bf52d088,,,,,,,
https://twitter.com/reformparty_uk,https://pbs.twimg.com/profile_images/1346947741721751552/slgQ-Nu1_x96.jpg,Reform UK,@reformparty_uk,https://twitter.com/reformparty_uk/status/1120704005183815681,"Apr 23, 2019","""I served in the Royal Marines for over 10 years. I'm proud to be British, I'm proud of our tolerance, our diversity, of our liberal democracy. 

But the MP's at Westminster right now, they're letting down the British public."" -",,https://pbs.twimg.com/ext_tw_video_thumb/1120703908467367936/pu/img/WnxHAHfFeh3wotU8.jpg,,,,,510,2.3K,7.4K,@jaglancy,https://twitter.com/jaglancy,", veteran and Brexit Party candidate.",,,,,,,blob:https://twitter.com/307032d2-c8f5-4bb2-b97e-159b9e6fcf05,,,,,,,
https://twitter.com/JamesDwan,https://pbs.twimg.com/profile_images/512048502126686208/7MlLwdme_x96.jpeg,James Dwan,@JamesDwan,https://twitter.com/JamesDwan/status/1120346391547654146,"Apr 22, 2019",The Brexit Party’s,Quote Tweet,https://pbs.twimg.com/profile_images/1346947741721751552/slgQ-Nu1_normal.jpg,Reform UK,@reformparty_uk,·,"Apr 22, 2019",25,218,764,@Nigel_Farage,https://twitter.com/Nigel_Farage,will be back in Clacton on Wednesday - read more about the rally in tomorrow’s,@TheGazette,https://twitter.com/TheGazette,eventbrite.co.uk/e/the-brexit-p,,,,,,,,@Nigel_Farage,,,
https://twitter.com/DavidHughesPA,https://pbs.twimg.com/profile_images/723530222226776064/eFIJjvjB_x96.jpg,David Hughes,@DavidHughesPA,https://twitter.com/DavidHughesPA/status/1119939519220998144,"Apr 21, 2019",.,,,,,,,33,116,771,@Nigel_Farage,https://twitter.com/Nigel_Farage,"tells me ""a lot of Conservatives are disgusted with what the party has done"" over delay to Brexit but also issues a warning to Labour following latest",@tom_watson,https://twitter.com/tom_watson,call for a referendum. Says both parties underestimating strength of feeling among Leavers.,,,,,,,,,,,
https://twitter.com/reformparty_uk,https://pbs.twimg.com/profile_images/1346947741721751552/slgQ-Nu1_x96.jpg,Reform UK,@reformparty_uk,https://twitter.com/reformparty_uk/status/1118264228346048512,"Apr 16, 2019","The EU are desperate for May and Corbyn to trap us in. 

We need fresh leadership to bring the country out of this humiliation.",Quote Tweet,https://pbs.twimg.com/profile_images/939149652049395712/3u4vqnaj_normal.jpg,Guy Verhofstadt,@guyverhofstadt,·,"Apr 16, 2019",183,1.2K,3.9K,,,,,,,,,,blob:https://twitter.com/beb4ace1-9340-49d0-8529-045f6a67a1b7,,,,,https://pbs.twimg.com/amplify_video_thumb/1118078903325687808/img/ZHSlHuS_fZThBaOr.jpg,,
https://twitter.com/Michael_Heaver,https://pbs.twimg.com/profile_images/1228259994056916993/HyskgJdw_x96.jpg,Michael Heaver,@Michael_Heaver,https://twitter.com/Michael_Heaver/status/1117138921912188934,"Apr 13, 2019","Looks like a lot of support for Brexit Party in Brum today. 

Must say production on another level from most stuff I’ve seen in British politics as well, take a look:",,https://pbs.twimg.com/ext_tw_video_thumb/1117133504708583424/pu/img/C_L9qMmvoqrEH6lB.jpg,,From,Nigel Farage,,154,1.1K,3.7K,,,,,,,,,,blob:https://twitter.com/d1afe538-a2b3-4075-9ba2-964cc67b8a21,,,https://twitter.com/Nigel_Farage,,,,
https://twitter.com/cvpayne,https://pbs.twimg.com/profile_images/469167577231413249/M94UBjHn_x96.jpeg,Charles V Payne,@cvpayne,https://twitter.com/cvpayne/status/1116778327275180032,"Apr 12, 2019",Thank you,,,,,,,15,85,821,@Nigel_Farage,https://twitter.com/Nigel_Farage,our short segment you gave short direct answers on lingering issues- we'll revisit for update on Brexit Party,,,,,,,,,,,,,,
https://twitter.com/Telegraph,https://pbs.twimg.com/profile_images/943090005723041792/2cjxINlJ_x96.jpg,The Telegraph,@Telegraph,https://twitter.com/Telegraph/status/1114910721651957760,"Apr 7, 2019",A dramatic realignment of British politics is now inevitable |,A dramatic realignment of British politics is now inevitable,https://pbs.twimg.com/card_img/1404603252390338561/fGQY59HU?format=jpg&name=medium,telegraph.co.uk,Wednesday night’s House of Commons Bill to extend Article 50 was passed by 313 votes to 312.,,,52,200,769,@Nigel_Farage,https://twitter.com/Nigel_Farage,,,,,,,,,,,,,,https://t.co/fu1nP4oPts?amp=1,https://t.co/fu1nP4oPts?amp=1
https://twitter.com/micky_norcross,https://pbs.twimg.com/profile_images/1223198389145423873/zMGIcHxI_x96.jpg,Michael j Norcross,@micky_norcross,https://twitter.com/micky_norcross/status/1114219280692854784,"Apr 5, 2019",There’s no better time to follow the,Quote Tweet,https://pbs.twimg.com/profile_images/1385256843304386565/zyNRZ-Nd_normal.jpg,Nigel Farage,@Nigel_Farage,·,"Apr 5, 2019",31,73,516,@brexitparty_uk,https://twitter.com/brexitparty_uk,,,,,,,,,,,,@brexitparty_uk,,,
https://twitter.com/BradBurton,https://pbs.twimg.com/profile_images/1325709462536138754/M4LcA3yE_x96.jpg,Brad Burton,@BradBurton,https://twitter.com/BradBurton/status/1112280831089917954,"Mar 31, 2019",Meanwhile in the gym listening,,,,,,,2,1,21,@Nigel_Farage,https://twitter.com/Nigel_Farage,on,@LBC,https://twitter.com/LBC,app,,,,,,,,,https://pbs.twimg.com/media/D2-dhONX0AAtwgm?format=jpg&name=large,,https://twitter.com/BradBurton/status/1112280831089917954/photo/1
https://twitter.com/IsabelOakeshott,https://pbs.twimg.com/profile_images/1308034272020836353/85j5z_8O_x96.jpg,Isabel Oakeshott,@IsabelOakeshott,https://twitter.com/IsabelOakeshott/status/1111641277534269440,"Mar 29, 2019",I am actually excited by the prospect of UK participation in EU elections. Time to give political parties that have abjectly failed to deliver Brexit a very bloody nose.,,,,,,,642,1.3K,6K,@brexitparty_uk,https://twitter.com/brexitparty_uk,,@Nigel_Farage,https://twitter.com/Nigel_Farage,,,,,,,,,,,,
https://twitter.com/LBC,https://pbs.twimg.com/profile_images/1399694014195064833/lqqnlPtF_x96.png,LBC,@LBC,https://twitter.com/LBC/status/1110257278786113536,"Mar 25, 2019","Nigel Farage on Sir Oliver Letwin : ”This is what gets me, it’s the sheer dishonesty of these people who have said one thing and done another”",Nigel Farage Highlights Sir Oliver Letwin’s Brexit “Dishonesty”,,lbc.co.uk,"Tory MP Sir Oliver Letwin has tabled an amendment which could pave the way to a much softer Brexit, but as Nigel Farage points out, that’s not always been his position.",,,372,466,1.6K,@Nigel_Farage,https://twitter.com/Nigel_Farage,|,,,,,,,,#Brexit,https://twitter.com/hashtag/Brexit?src=hashtag_click,https://t.co/8HvbDOwjv3?amp=1,,,https://t.co/8HvbDOwjv3?amp=1,
https://twitter.com/mschlapp,https://pbs.twimg.com/profile_images/1327401576680615938/pHXRCNvG_x96.jpg,Matt Schlapp,@mschlapp,https://twitter.com/mschlapp/status/1101697650758504448,"Mar 2, 2019",Schlapp assemble w ⁦,,,,,,,12,5,38,@Nigel_Farage,https://twitter.com/Nigel_Farage,⁩ ⁦,@CPAC,https://twitter.com/CPAC,⁩,,,,,,,,,https://pbs.twimg.com/media/D0oEKY9XgAA3Vzd?format=jpg&name=medium,,https://twitter.com/mschlapp/status/1101697650758504448/photo/1
https://twitter.com/AshWebsterFBN,https://pbs.twimg.com/profile_images/1232691822/Webster_x96.jpg,Ashley Webster,@AshWebsterFBN,https://twitter.com/AshWebsterFBN/status/1100084876882128896,"Feb 25, 2019",A fascinating conversation with “Mr. Brexit” Nigel Farage...check it out!,Quote Tweet,https://pbs.twimg.com/profile_images/925468541666525185/GMZaXFic_normal.jpg,FOX News Radio,@foxnewsradio,·,"Feb 25, 2019",5,6,53,,,#Brexit,,,stops by to discuss how he first envisioned,,,as a commodities trader in the 80's when he realized that Britain shouldn't be tying itself economically to Europe. Listen for more >,,,,,@AshWebsterFBN,https://pbs.twimg.com/media/D0RGkr8W0AMZZK_?format=jpg&name=medium,https://twitter.com/foxnewsradio/status/1100081807054245890/photo/1,
https://twitter.com/GuidoFawkes,https://pbs.twimg.com/profile_images/1400800155310432264/x2ceNs7E_x96.jpg,Guido Fawkes,@GuidoFawkes,https://twitter.com/GuidoFawkes/status/1097450719756648448,"Feb 18, 2019",We need a,,,,,,,106,904,2.6K,@ChukaUmunna,https://twitter.com/ChukaUmunna,"in Streatham, because when they voted  for",,,they thought they were getting a Labour MP. That's what they were promised. Now he's something else they need a second vote... isn't that his usual argument?,,,,,#PeoplesVote,https://twitter.com/hashtag/PeoplesVote?src=hashtag_click,,,,,
https://twitter.com/Peter_Shilton,https://pbs.twimg.com/profile_images/745618857361022976/sN3z_VJr_x96.jpg,Peter Shilton,@Peter_Shilton,https://twitter.com/Peter_Shilton/status/1096397193706201093,"Feb 15, 2019","Why should we have a second Brexit referendum just because Remainers think people didn’t know what they were voting for,WHAT PROOF DO THEY HAVE ?Like any election the democratic vote should be upheld!!",,,,,,,739,1.2K,6.8K,@BrexitBexit,https://twitter.com/BrexitBexit,,@Nigel_Farage,https://twitter.com/Nigel_Farage,,,,,,,,,,,,
https://twitter.com/CPAC,https://pbs.twimg.com/profile_images/1339992416250703879/6pRysTEk_x96.jpg,CPAC 2021,@CPAC,https://twitter.com/CPAC/status/1095422588887683072,"Feb 12, 2019","You can always count on this dynamic duo to speak their mind.   
Rest assured,",,,,,,,109,185,1.3K,@DiamondandSilk,https://twitter.com/DiamondandSilk,won't be silenced at,,,. They'll close out Thursday's program with their trademark truth-telling and bold takes on the week's top stories.,,,,,#CPAC2019,https://twitter.com/hashtag/CPAC2019?src=hashtag_click,,,https://pbs.twimg.com/media/DzO5CgSXgAEz0Cw?format=jpg&name=medium,,https://twitter.com/CPAC/status/1095422588887683072/photo/1
https://twitter.com/ThreeUK,https://pbs.twimg.com/profile_images/1032220211867525121/yzHXX1Cc_x96.jpg,Three UK,@ThreeUK,https://twitter.com/ThreeUK/status/1093586375318949888,"Feb 7, 2019",No digs,Replying to,,@Jon70098947,and,@Michael_Heaver,@Nigel_Farage,1,5,,,https://twitter.com/Michael_Heaver,just how we roll,,https://twitter.com/Jon70098947,,,https://twitter.com/Nigel_Farage,,,,,,,,,
https://twitter.com/JamesRea,https://pbs.twimg.com/profile_images/1169175574172057600/8EmaYpZR_x96.jpg,James Rea,@JamesRea,https://twitter.com/JamesRea/status/1093420556433670144,"Feb 7, 2019",Very pleased to say,,,,,,,40,35,262,@LBC,https://twitter.com/LBC,has achieved its highest audience in its 46-year history. 2.2 million listeners now tune in. Huge thanks and congratulations to the team.,@global,https://twitter.com/global,,,,,,#RAJAR,https://twitter.com/hashtag/RAJAR?src=hashtag_click,,,https://pbs.twimg.com/media/DyycMhQX4AAQFjz?format=jpg&name=medium,,https://twitter.com/JamesRea/status/1093420556433670144/photo/1
https://twitter.com/squeezyjohn,https://pbs.twimg.com/profile_images/1368652796980002825/gcjblpXD_x96.jpg,John Spiers,@squeezyjohn,https://twitter.com/squeezyjohn/status/1093189316145303557,"Feb 6, 2019",Not another one ... this can't be true ... please say you're winding me up.,Replying to,,@Ethnotweeter,and,@Nigel_Farage,@LBC,1,4,,,https://twitter.com/Nigel_Farage,,,https://twitter.com/Ethnotweeter,,,https://twitter.com/LBC,,,,,,,,,
https://twitter.com/eastantrimmp,https://pbs.twimg.com/profile_images/1194329579269316608/m8nB2u4I_x96.jpg,Sammy Wilson MP,@eastantrimmp,https://twitter.com/eastantrimmp/status/1087392299368304645,"Jan 21, 2019",Now is not the time to raise the,,,,,,,508,982,3.7K,,,"as suggested by Jeremy Corbyn. There must be no 2nd referendum and no extension of Article 50. To do so would be to betray Brexit. Come what may, we will leave on the 29th March.",,,,,,,,,,,,https://pbs.twimg.com/media/DxcxgqRWkAU2L8Z?format=jpg&name=900x900,,https://twitter.com/eastantrimmp/status/1087392299368304645/photo/1
https://twitter.com/adamfleming,https://pbs.twimg.com/profile_images/1403104001042915331/QXKjP12Q_x96.jpg,Adam Fleming,@adamfleming,https://twitter.com/adamfleming/status/1086239905150316545,"Jan 18, 2019","I must say this is the reason against extending A50 and having the UK participating in the European elections that is most often cited in Brussels, not the legality. ""You'll send us 73",Quote Tweet,https://pbs.twimg.com/profile_images/1150756359497015298/xXj2IfkW_normal.png,BBC Politics,@BBCPolitics,·,"Jan 18, 2019",122,226,865,@Nigel_Farage,https://twitter.com/Nigel_Farage,"'s!""",,,,,,,blob:https://twitter.com/82f79c24-227e-41cb-8c68-13f00fbe7a0b,,,,#Brexit,https://pbs.twimg.com/media/DxMSsJ6VYAUFXwF.jpg,,
https://twitter.com/AmericaNewsroom,https://pbs.twimg.com/profile_images/1006539417295687681/CztfMnUb_x96.jpg,America's Newsroom,@AmericaNewsroom,https://twitter.com/AmericaNewsroom/status/1084800663794651136,"Jan 14, 2019",TODAY ON THE SHOW:,,,,,,,26,12,79,@ByronYork,https://twitter.com/ByronYork,and many more! Join us from,@KarlRove,https://twitter.com/KarlRove,EST!,@RepAndyBiggsAZ,https://twitter.com/RepAndyBiggsAZ,,,#nine2noon,https://twitter.com/hashtag/nine2noon?src=hashtag_click,https://twitter.com/AlanDersh,,,,https://twitter.com/Nigel_Farage
https://twitter.com/errongordon,https://pbs.twimg.com/profile_images/1396193037399859203/HHhL4Rjp_x96.jpg,Erron Gordon,@errongordon,https://twitter.com/errongordon/status/1075337431833083904,"Dec 19, 2018",On my final show of 2018 I’m incredibly proud to be Series Director of,and 5 others,,Good Morning Britain,,,,67,54,800,@GMB,https://twitter.com/GMB,here are just some of the incredibly talented team that make us the most talked about breakfast programme and have given us record breaking ratings this year...here’s to more fun in 2019,,,,,,,,,,,,https://pbs.twimg.com/media/DuxdsRKXcAA208I?format=jpg&name=medium,https://twitter.com/errongordon/status/1075337431833083904/media_tags,https://twitter.com/errongordon/status/1075337431833083904/photo/1
https://twitter.com/RubinReport,https://pbs.twimg.com/profile_images/994716153606914048/i6UMX-ie_x96.jpg,Dave Rubin,@RubinReport,https://twitter.com/RubinReport/status/1075975130285793280,"Dec 21, 2018","Good times,",,,,,,,79,50,1.2K,@Nigel_Farage,https://twitter.com/Nigel_Farage,!,,,,,,,,,,,,https://pbs.twimg.com/media/Du6hrJFXgAAzica?format=jpg&name=large,,https://twitter.com/RubinReport/status/1075975130285793280/photo/1
https://twitter.com/piersmorgan,https://pbs.twimg.com/profile_images/1377917571069063169/yaOlvfak_x96.jpg,Piers Morgan,@piersmorgan,https://twitter.com/piersmorgan/status/1074970931695636480,"Dec 18, 2018","*BREAKING NEWS*
It's official - yesterday's",,,,,,,477,137,2.9K,@GMB,https://twitter.com/GMB,"had the highest ratings in our show's entire history. 
Thanks for watching!",@susannareid100,https://twitter.com/susannareid100,,,,,,,,,,https://pbs.twimg.com/media/DusPitnX4AADkt3?format=jpg&name=large,,https://twitter.com/piersmorgan/status/1074970931695636480/photo/1
https://twitter.com/henryolsenEPPC,https://pbs.twimg.com/profile_images/519551979702341633/z_-bWbLV_x96.jpeg,Henry Olsen,@henryolsenEPPC,https://twitter.com/henryolsenEPPC/status/1073731239079755776,"Dec 15, 2018",I had not met,Opinion | Brexit would be hard for Britain. Staying in the E.U. would be worse.,,washingtonpost.com,"The European Union is in crisis, and it’s only going to get worse.",,,52,392,1.1K,@Nigel_Farage,https://twitter.com/Nigel_Farage,or,@Jacob_Rees_Mogg,https://twitter.com/Jacob_Rees_Mogg,when I wrote this,@PostOpinions,https://twitter.com/PostOpinions,"piece. Now that I have, I’m more convinced than ever that Brexit is right for Britain.",,,,https://t.co/g8If35s5WX?amp=1,,,https://t.co/g8If35s5WX?amp=1,
https://twitter.com/CharlotteHawkns,https://pbs.twimg.com/profile_images/965218268607860737/mB2wr0AM_x96.jpg,Charlotte Hawkins,@CharlotteHawkns,https://twitter.com/CharlotteHawkns/status/1073470880297160704,"Dec 14, 2018",We’re here with,and,,Ben Shephard,Kate Garraway,,,72,16,458,@gmb,https://twitter.com/GMB,this Friday morning! We’ve got,@Nigel_Farage,https://twitter.com/Nigel_Farage,"discussing the latest Brexit developments,",@vincecable,https://twitter.com/vincecable,"on his space mission,",,,,https://twitter.com/richardbranson,,,https://twitter.com/CharlotteHawkns/status/1073470880297160704/media_tags,https://twitter.com/CharlotteHawkns/status/1073470880297160704/photo/1
https://twitter.com/Peter_Shilton,https://pbs.twimg.com/profile_images/745618857361022976/sN3z_VJr_x96.jpg,Peter Shilton,@Peter_Shilton,https://twitter.com/Peter_Shilton/status/1043204935326879744,"Sep 21, 2018",Not really into politics but I’m looking forward to watching,Quote Tweet,https://pbs.twimg.com/profile_images/1385256843304386565/zyNRZ-Nd_normal.jpg,Nigel Farage,@Nigel_Farage,·,"Sep 21, 2018",166,236,1.1K,@UKIP,https://twitter.com/UKIP,unleash,@Nigel_Farage,https://twitter.com/Nigel_Farage,,,,,,,,,,,,
https://twitter.com/parscale,https://pbs.twimg.com/profile_images/1358285721887514624/-ydpVC4v_x96.jpg,Brad Parscale,@parscale,https://twitter.com/parscale/status/1040734870492704773,"Sep 15, 2018",Raising money with ⁦,,,,,,,8.8K,2.9K,12.7K,@EricTrump,https://twitter.com/EricTrump,in California! Donors in California love ⁦,@realDonaldTrump,https://twitter.com/realDonaldTrump,"⁩ $$$
⁩",,,,,,,,,https://pbs.twimg.com/media/DnFu2WtU0AEvnLf?format=jpg&name=medium,,https://twitter.com/parscale/status/1040734870492704773/photo/1
https://twitter.com/adamfleming,https://pbs.twimg.com/profile_images/1403104001042915331/QXKjP12Q_x96.jpg,Adam Fleming,@adamfleming,https://twitter.com/adamfleming/status/1039801005746139136,"Sep 12, 2018",So,,,,,,,9,9,58,@JunckerEU,https://twitter.com/JunckerEU,received some UNION JACK SOCKS from,@Nigel_Farage,https://twitter.com/Nigel_Farage,,,,,,,,,,,https://twitter.com/adamfleming/status/1039801005746139136,
https://twitter.com/IngrahamAngle,https://pbs.twimg.com/profile_images/1146349820912660480/CjdAuR5i_x96.jpg,Laura Ingraham,@IngrahamAngle,https://twitter.com/IngrahamAngle/status/1037506145781522432,"Sep 6, 2018",Writing a poison pen op-ed that you don't have to defend publicly is easy. Advancing an agenda that delivers 4.2 percent GDP and record low unemployment is hard.,,,,,,,1.2K,5.7K,17.8K,,,,,,,,,,,#AnonymousCoward,https://twitter.com/hashtag/AnonymousCoward?src=hashtag_click,,,,,
https://twitter.com/TonyDLeonardi,https://pbs.twimg.com/profile_images/1361711824769540097/HwPtML1I_x96.jpg,Anthony Leonardi,@TonyDLeonardi,https://twitter.com/TonyDLeonardi/status/1021525864130007040,"Jul 24, 2018",is here at Turning Point’s,,,,,,,11,8,90,,,,,,,,,,,#NigelFarage,https://twitter.com/hashtag/NigelFarage?src=hashtag_click,https://twitter.com/hashtag/HSLS2018?src=hashtag_click,,https://pbs.twimg.com/media/Di0wW12W4AAe9Tg?format=jpg&name=medium,,https://twitter.com/TonyDLeonardi/status/1021525864130007040/photo/1
https://twitter.com/SebGorka,https://pbs.twimg.com/profile_images/1171596431997755392/FgT6kdne_x96.jpg,Sebastian Gorka DrG,@SebGorka,https://twitter.com/SebGorka/status/1018308876993691648,"Jul 15, 2018",“The Nigel and Sebastian Show?”,President Trump brings 'America First' message to Europe,https://pbs.twimg.com/card_img/1403272065164013571/y1FlYPhk?format=jpg&name=small,Dr. Sebastian Gorka and Nigel Farage react to the president's European tour.,video.foxnews.com,html?video_id=5809379320001&ref=twitter.com,…,35,67,380,@JesseBWatters,https://twitter.com/JesseBWatters,,@Nigel_Farage,https://twitter.com/Nigel_Farage,,@WattersWorld,https://twitter.com/WattersWorld,,,,,https://twitter.com/FoxNews,https://,,,
https://twitter.com/drewgally,https://pbs.twimg.com/profile_images/1095930053177749505/vxqsaNrU_x96.jpg,Drew Gallimore,@drewgally,https://twitter.com/drewgally/status/1017438953333493760,"Jul 12, 2018",is going to be legendary!!! 11 DAYS!,,,,,,,8,24,113,@TPUSA,https://twitter.com/TPUSA,@LaurenAna_,@KyleKashuv,https://twitter.com/KyleKashuv,,@charliekirk11,https://twitter.com/charliekirk11,,,#HSLS2018,https://twitter.com/hashtag/HSLS2018?src=hashtag_click,https://twitter.com/RealCandaceO,,,https://twitter.com/JasonMillerinDC,https://twitter.com/NikkiHaley
https://twitter.com/jasminedotiwala,https://pbs.twimg.com/profile_images/801842889919700993/5CtymyfN_x96.jpg,Jasmine Dotiwala,@jasminedotiwala,https://twitter.com/jasminedotiwala/status/1017722457308958720,"Jul 13, 2018",thanks for having us all on....Friday the 13th with,and,,Martin Daubney,Scott Capurro,,,11,6,26,@5WrightStuff,https://twitter.com/5WrightStuff,on,@Nigel_Farage,https://twitter.com/Nigel_Farage,day!,,,,,#TrumpProtest,https://twitter.com/hashtag/TrumpProtest?src=hashtag_click,,,https://pbs.twimg.com/media/Dh-tKXmX0AEoHaj?format=jpg&name=medium,https://twitter.com/jasminedotiwala/status/1017722457308958720/media_tags,https://twitter.com/jasminedotiwala/status/1017722457308958720/photo/1
https://twitter.com/JWhittingdale,https://pbs.twimg.com/profile_images/598437504677740544/unZDUOLY_x96.jpg,John Whittingdale,@JWhittingdale,https://twitter.com/JWhittingdale/status/1016335753260011527,"Jul 9, 2018","Enormous act of bravery and principle by Boris, DD and Steve. I and 17.4m people salute you",,,,,,,607,588,2.8K,,,,,,,,,,,,,,,,,
https://twitter.com/iammatthoughton,https://pbs.twimg.com/profile_images/1072923161866444805/wt5LOr1U_x96.jpg,Matty Houghton,@iammatthoughton,https://twitter.com/iammatthoughton/status/1015483809297522688,"Jul 7, 2018",as am I. Absolute pleasure to have worked with such a great team,,,,,,,7,1,22,@LBC,https://twitter.com/LBC,Thank You,@DeeKing,https://twitter.com/DeeKing,,@ShelaghFogarty,https://twitter.com/ShelaghFogarty,,,#ItsComingHome,https://twitter.com/hashtag/ItsComingHome?src=hashtag_click,https://twitter.com/Jags_Dave,,,https://twitter.com/iammatthoughton/status/1015483809297522688,https://twitter.com/clivebull
https://twitter.com/GlobalsNewsroom,https://pbs.twimg.com/profile_images/1381215708915372035/E0fwCGQg_x96.jpg,Global's Newsroom,@GlobalsNewsroom,https://twitter.com/GlobalsNewsroom/status/1015365565270159365,"Jul 7, 2018",Former UKIP leader,,https://pbs.twimg.com/media/DhdNl5dVQAA3LZj?format=jpg&name=small,,,,,3,8,42,@Nigel_Farage,https://twitter.com/Nigel_Farage,has tweeted his dissatisfaction at the Brexit deal agreed by Cabinet Ministers and the Prime Minister which is due to be put before EU leaders,,,,,,,,,,,,https://pbs.twimg.com/media/DhdNl5bVMAAw_qF?format=jpg&name=900x900,,https://twitter.com/GlobalsNewsroom/status/1015365565270159365/photo/2
https://twitter.com/KyleKashuv,https://pbs.twimg.com/profile_images/1365521922386235392/MT0OGTvv_x96.jpg,Kyle Kashuv,@KyleKashuv,https://twitter.com/KyleKashuv/status/1015011596870012928,"Jul 6, 2018",Thank you,Quote Tweet,https://pbs.twimg.com/profile_images/1073311891303354368/zaX_Xf1G_normal.jpg,South Florida Sun Sentinel,@SunSentinel,·,"Jul 6, 2018",13,124,628,@SunSentinel,https://twitter.com/SunSentinel,is going to be a summit to the ages. I encourage all that can to apply at,@Nigel_Farage,https://twitter.com/Nigel_Farage,". 

Hear from the likes of",@seanspicer,https://twitter.com/seanspicer,",",,#HSLS2018,https://twitter.com/hashtag/HSLS2018?src=hashtag_click,https://twitter.com/SebGorka,http://,https://pbs.twimg.com/media/DhYGpXZX4AACTaE?format=jpg&name=medium,https://twitter.com/SunSentinel/status/1015006075542736896/photo/1,https://twitter.com/guypbenson
https://twitter.com/FoxNews,https://pbs.twimg.com/profile_images/918480715158716419/4X8oCbge_x96.jpg,Fox News,@FoxNews,https://twitter.com/FoxNews/status/1005946460192608256,"Jun 11, 2018",On,,,,,,,103,191,860,@foxandfriends,https://twitter.com/foxandfriends,",",@Nigel_Farage,https://twitter.com/Nigel_Farage,praised President,@realDonaldTrump,https://twitter.com/realDonaldTrump,'s actions on the world stage.,,,,,https://,https://pbs.twimg.com/media/DfV9u6tX0AURqQA?format=jpg&name=medium,,https://twitter.com/FoxNews/status/1005946460192608256/photo/1
https://twitter.com/matteosalvinimi,https://pbs.twimg.com/profile_images/966325945060732928/0Ua5xPMX_x96.jpg,Matteo Salvini,@matteosalvinimi,https://twitter.com/matteosalvinimi/status/1002246975264354304,"May 31, 2018","Impegno, coerenza, ascolto, lavoro, pazienza, buon senso, testa e cuore per il bene degli italiani.
Forse finalmente ci siamo, dopo tanti ostacoli, attacchi, minacce e bugie.
GRAZIE per la fiducia Amici, vi voglio bene e sappiate che avrò bisogno di voi.",,,,,,,1.7K,1.3K,6.8K,,,,,,,,,,,,,,,https://pbs.twimg.com/media/DeiyT8cX0AER-Ic?format=jpg&name=medium,,https://twitter.com/matteosalvinimi/status/1002246975264354304/photo/1
https://twitter.com/prageru,https://pbs.twimg.com/profile_images/1188862949986725888/x7HIruKT_x96.jpg,PragerU,@prageru,https://twitter.com/prageru/status/999073867925569541,"May 23, 2018",.,,https://pbs.twimg.com/ext_tw_video_thumb/999073352940638208/pu/img/Z051r_Y5wGj7S-MD.jpg,,,,,6,33,143,@Nigel_Farage,https://twitter.com/Nigel_Farage,knows tyranny when he sees it.,,,,,,,blob:https://twitter.com/88547f82-96af-4e22-aadb-e64fc4687554,,,,https://,,,
https://twitter.com/JamesRea,https://pbs.twimg.com/profile_images/1169175574172057600/8EmaYpZR_x96.jpg,James Rea,@JamesRea,https://twitter.com/JamesRea/status/996990061618040832,"May 17, 2018",Another record for,Quote Tweet,https://pbs.twimg.com/profile_images/1399697682600448001/kGB9R1EX_normal.png,Global,@global,·,"May 17, 2018",13,10,89,@LBC,https://twitter.com/LBC,. 2.2million listeners - the highest score in our 45-year history. Well done to our fantastic team and thanks to our wonderfully loyal audience!,@global,https://twitter.com/global,"’s highest ever audience in its 45-year history! With the new year came more than 380,000 new listeners!",,,,,#rajar,https://twitter.com/hashtag/rajar?src=hashtag_click,,#LeadingBritainsConveration,https://pbs.twimg.com/media/DdVpyTNWkAIszYl?format=jpg&name=medium,https://twitter.com/global/status/996965029156028416/photo/1,
https://twitter.com/foxandfriends,https://pbs.twimg.com/profile_images/952249840884383744/8Xp95_Ip_x96.jpg,FOX & friends,@foxandfriends,https://twitter.com/foxandfriends/status/990656964173615106,"Apr 29, 2018",.,,https://pbs.twimg.com/media/Db98jdiW4AECk6F.jpg,,,,,99,155,740,@Nigel_Farage,https://twitter.com/Nigel_Farage,"to London’s mayor: Stop playing games – whether you like Trump or not, America is a key ally and the U.K.-U.S. relationship matters a lot",,,,,,,blob:https://twitter.com/100988db-8e2d-44bd-b365-47796cd4b91b,,,,,,,
https://twitter.com/AmericaNewsroom,https://pbs.twimg.com/profile_images/1006539417295687681/CztfMnUb_x96.jpg,America's Newsroom,@AmericaNewsroom,https://twitter.com/AmericaNewsroom/status/989861436536082432,"Apr 27, 2018","LISTEN: ""The state should not own our kids."" -",,https://pbs.twimg.com/ext_tw_video_thumb/989861350599024640/pu/img/xZINPKxgeT4xrT9u.jpg,,,,,28,55,207,@Nigel_Farage,https://twitter.com/Nigel_Farage,to,@SandraSmithFox,https://twitter.com/SandraSmithFox,on the fate of Alfie Evans,,,,blob:https://twitter.com/c55377cb-1d4d-4fc9-b129-407523f57347,,,,,,,
https://twitter.com/errongordon,https://pbs.twimg.com/profile_images/1396193037399859203/HHhL4Rjp_x96.jpg,Erron Gordon,@errongordon,https://twitter.com/errongordon/status/988824636581392384,"Apr 24, 2018",Celebrating,,https://pbs.twimg.com/ext_tw_video_thumb/988824311753527299/pu/img/TR1nXGhfOusrrSvW.jpg,,,,,20,35,209,@GMB,https://twitter.com/GMB,’s 4th Birthday this week so thought I’d dig out footage of when we recorded our theme music back in 2014,,,,,,,blob:https://twitter.com/69372c1b-744b-48d8-a067-b5c963df7914,#HappyBirthdayGMB,https://twitter.com/hashtag/HappyBirthdayGMB?src=hashtag_click,,,,,
https://twitter.com/willguyatt,https://pbs.twimg.com/profile_images/1388919468055801866/gBVz4kCF_x96.jpg,Will Guyatt,@willguyatt,https://twitter.com/willguyatt/status/984469249593958407,"Apr 12, 2018",Joining,,,,,,,4,4,20,@Nigel_Farage,https://twitter.com/Nigel_Farage,on,@LBC,https://twitter.com/LBC,"tonight just after 7pm to run through the key points of Zuckerberg in congress, and just how concerned we all need to be about our personal data online.",,,,,,,,,,,
https://twitter.com/Daily_Express,https://pbs.twimg.com/profile_images/1326819212501848065/TDJLWiQe_x96.jpg,Daily Express,@Daily_Express,https://twitter.com/Daily_Express/status/982613250373242881,"Apr 7, 2018",TRADE WAR: Farage blasts EU response to threats: 'They forgot what national interest is!',,,,,,,9,22,106,,,,,,,,,,,,,,https://,https://pbs.twimg.com/media/DaLxhEvWsAEINvZ?format=jpg&name=small,,https://twitter.com/Daily_Express/status/982613250373242881/photo/1
https://twitter.com/Steamboat_Inst,https://pbs.twimg.com/profile_images/841349114436583424/gfIEPUvY_x96.jpg,The Steamboat Institute,@Steamboat_Inst,https://twitter.com/Steamboat_Inst/status/974711639546236928,"Mar 16, 2018",Campus Liberty Tour Debate:,http://,,http://,,http://,,14,15,32,@Nigel_Farage,https://twitter.com/Nigel_Farage,&,@VicenteFoxQue,https://twitter.com/VicenteFoxQue,"on ""Nationalism v. Globalism""

Join us HERE: 

-",@ucboulder,https://twitter.com/ucboulder,-,,#CampusLiberty18,https://twitter.com/hashtag/CampusLiberty18?src=hashtag_click,https://twitter.com/UCCS,http://,https://pbs.twimg.com/media/DYbfEHGW4AAMkLh?format=png&name=large,https://t.co/emYbqDFWZb?amp=1,https://twitter.com/Steamboat_Inst/status/974711639546236928/photo/1
https://twitter.com/prageru,https://pbs.twimg.com/profile_images/1188862949986725888/x7HIruKT_x96.jpg,PragerU,@prageru,https://twitter.com/prageru/status/973980912844095488,"Mar 14, 2018",,,,,,,,15,333,984,@Jack,https://twitter.com/jack,,@scrowder,https://twitter.com/scrowder,,,,,,#FreeCrowder,https://twitter.com/hashtag/FreeCrowder?src=hashtag_click,,http://,https://pbs.twimg.com/media/DYRGQ7FVoAA4VYt?format=jpg&name=900x900,,https://twitter.com/prageru/status/973980912844095488/photo/1
https://twitter.com/louis_aliot,https://pbs.twimg.com/profile_images/1387226745984725002/zEEOxm-C_x96.jpg,Louis Aliot,@louis_aliot,https://twitter.com/louis_aliot/status/972215085799223296,"Mar 9, 2018",ancien conseiller stratégique du président des USA incarne le rejet de l'establishment dont l'un des pires symboles est l'UE de Bruxelles. Il a compris comme,,,,,,,28,167,274,@matteosalvinimi,https://twitter.com/matteosalvinimi,",",@MLP_officiel,https://twitter.com/MLP_officiel,et,#CongresFN2018,https://twitter.com/hashtag/CongresFN2018?src=hashtag_click,la volonté des peuples de reprendre leur destin.,,#Bannon,https://twitter.com/hashtag/Bannon?src=hashtag_click,https://twitter.com/hashtag/Trump?src=hashtag_click,,https://pbs.twimg.com/media/DX4Adq1XUAA7Dus?format=jpg&name=medium,,https://twitter.com/louis_aliot/status/972215085799223296/photo/1
https://twitter.com/EagleEdMartin,https://pbs.twimg.com/profile_images/1249036589214380033/yG5NJK2D_x96.jpg,Ed Martin,@EagleEdMartin,https://twitter.com/EagleEdMartin/status/972219750024654849,"Mar 9, 2018",I was excited to have time to get,,,,,,,6,13,153,@Nigel_Farage,https://twitter.com/Nigel_Farage,"'s read on international affairs last night.  Great visit, great guy.",,,,,,,,,,,,https://pbs.twimg.com/media/DX4EtaEVMAAcKBk?format=jpg&name=medium,,https://twitter.com/EagleEdMartin/status/972219750024654849/photo/1
https://twitter.com/iamshalabhkumar,https://pbs.twimg.com/profile_images/744578767348183040/Yh3ytz2t_x96.jpg,Shalabh Shalli Kumar,@iamshalabhkumar,https://twitter.com/iamshalabhkumar/status/965450873747865607,"Feb 19, 2018",Live with the Great Senator,Senator Rand Paul,,,,,,38,110,163,@RandPaul,https://twitter.com/RandPaul,"on Feb 20th, Tue at 4 PM PST on Immigration legislation. Call 5156049761 code 994092. For questions to be asked, please tweet to me privately",@jaredkushner,https://twitter.com/jaredkushner,", Open to Press,",@realDonaldTrump,https://twitter.com/realDonaldTrump,@RajShah45,,#AskRandPaul,https://twitter.com/hashtag/AskRandPaul?src=hashtag_click,https://twitter.com/marcshort45,,https://pbs.twimg.com/media/DWX4bXrUQAAZ-or?format=jpg&name=medium,https://twitter.com/iamshalabhkumar/status/965450873747865607/media_tags,https://twitter.com/iamshalabhkumar/status/965450873747865607/photo/1
https://twitter.com/Michael_J_New,https://pbs.twimg.com/profile_images/2266911597/NewPhoto_x96.jpg,Michael New,@Michael_J_New,https://twitter.com/Michael_J_New/status/971951501773099008,"Mar 9, 2018",I had a nice chat with,,,,,,,7,5,57,@Nigel_Farage,https://twitter.com/Nigel_Farage,"at the James Madison Institute dinner in Naples, FL tonight.",,,,,,,,,,,,https://pbs.twimg.com/media/DX0QvVJW0AAldwV?format=jpg&name=large,,https://twitter.com/Michael_J_New/status/971951501773099008/photo/1
https://twitter.com/e4billycab,https://pbs.twimg.com/profile_images/1326117652515926016/avib9mZp_x96.jpg,grahampike,@e4billycab,https://twitter.com/e4billycab/status/967878760010780672,"Feb 25, 2018",This is Harry Bailey he’s 96yrs old.On the 6th June 1944 he was part of the D-Day landings.He survived and he’s still going strong & he’s one of our Collectors at the Taxicharity for Military Veterans,,https://pbs.twimg.com/media/DW6YlNQWAAAriEO?format=jpg&name=small,,,,,17,32,,@TaxiCharity,https://twitter.com/TaxiCharity,,@AlastairBruce_,https://twitter.com/AlastairBruce_,,@KimberleyeLeo,https://twitter.com/KimberleyeLeo,,,#Veterans,https://twitter.com/hashtag/Veterans?src=hashtag_click,https://twitter.com/SkyNews,,https://pbs.twimg.com/media/DW6YlNSWAAIvrzT?format=jpg&name=900x900,,https://twitter.com/e4billycab/status/967878760010780672/photo/2
https://twitter.com/Annakhait,https://pbs.twimg.com/profile_images/1366804001128407042/HEbXgsWG_x96.jpg,Anna Khait,@Annakhait,https://twitter.com/Annakhait/status/967457756318978049,"Feb 24, 2018",Love these guys !,Dan Bongino,https://pbs.twimg.com/media/DW0Zsw9XkAAyOy-?format=jpg&name=small,,,,,18,68,587,@Nigel_Farage,https://twitter.com/Nigel_Farage,,@dbongino,https://twitter.com/dbongino,,,,,,,,,,https://pbs.twimg.com/media/DW0ZswZX4AATYd-?format=jpg&name=small,https://twitter.com/Annakhait/status/967457756318978049/media_tags,https://twitter.com/Annakhait/status/967457756318978049/photo/2
https://twitter.com/emmavolney,https://pbs.twimg.com/profile_images/1401120008542076928/6CsCUjsM_x96.jpg,Emma Volney,@emmavolney,https://twitter.com/emmavolney/status/932311682780680198,"Nov 19, 2017","Looking forward to spending the next couple of days at Wessex FM, and LBC helping on the",,,,,,,2,1,32,@IainDale,https://twitter.com/IainDale,and,@Nigel_Farage,https://twitter.com/Nigel_Farage,programmes,,,,,,,,,,,
https://twitter.com/AlanJohnson35,https://pbs.twimg.com/profile_images/1263433798810812416/oHjpvHsr_x96.jpg,Alan Johnson,@AlanJohnson35,https://twitter.com/AlanJohnson35/status/928394054030823425,"Nov 8, 2017","May has completely lost control of her Govt. She is out of her depth and needs to be removed now, before she destroys everything. Tories must put Country before Party.",Replying to,,@Nigel_Farage,and,@AllisterHeath,,1,2,16,,https://twitter.com/AllisterHeath,,,https://twitter.com/Nigel_Farage,,,,,,,,,,,,
https://twitter.com/FoxBusiness,https://pbs.twimg.com/profile_images/1313512351547744257/1aX8RyIa_x96.png,FOX Business,@FoxBusiness,https://twitter.com/FoxBusiness/status/925570618778460161,"Nov 1, 2017",.,,https://pbs.twimg.com/media/DNeL8ZTXUAAHo0O.jpg,,,,,46,104,517,@Joy_Villa,https://twitter.com/Joy_Villa,": ""If the president fails, America fails.""",,,,,,,blob:https://twitter.com/ed9cbd72-570d-4577-96b6-3d5057e59081,,,,,,,
https://twitter.com/Joy_Villa,https://pbs.twimg.com/profile_images/1360437330864005120/NPyX6K20_x96.jpg,Joy Villa,@Joy_Villa,https://twitter.com/Joy_Villa/status/920493858990862336,"Oct 18, 2017",Meeting the incredible,,,,,,,14,39,354,@Nigel_Farage,https://twitter.com/Nigel_Farage,at,@DennisPrager,https://twitter.com/DennisPrager,'s,@prageru,https://twitter.com/prageru,Gala!,,#MAGA,https://twitter.com/hashtag/MAGA?src=hashtag_click,,,https://pbs.twimg.com/media/DMZAR3-VAAAGUxZ?format=jpg&name=medium,,https://twitter.com/Joy_Villa/status/920493858990862336/photo/1
https://twitter.com/prageru,https://pbs.twimg.com/profile_images/1188862949986725888/x7HIruKT_x96.jpg,PragerU,@prageru,https://twitter.com/prageru/status/920404472206987264,"Oct 17, 2017",Happening now. This is going to be good.,,,,,,,27,40,337,@Nigel_Farage,https://twitter.com/Nigel_Farage,,@prageru,https://twitter.com/prageru,,,,,,,,,,https://pbs.twimg.com/media/DMXu25WVoAAn-o4?format=jpg&name=medium,,https://twitter.com/prageru/status/920404472206987264/photo/1
https://twitter.com/MitchellCMM,https://pbs.twimg.com/profile_images/1403396158014251009/9XpwMcgX_x96.jpg,Christian Mitchell,@MitchellCMM,https://twitter.com/MitchellCMM/status/920012147903606785,"Oct 16, 2017",The President,,,,,,,19,18,128,@realDonaldTrump,https://twitter.com/realDonaldTrump,says,@HillaryClinton,https://twitter.com/HillaryClinton,is blaming not only,@LBC,https://twitter.com/LBC,for losing election but now,,#Russia,https://twitter.com/hashtag/Russia?src=hashtag_click,https://twitter.com/Nigel_Farage,,,,
https://twitter.com/BrentHBaker,https://pbs.twimg.com/profile_images/463305280277594113/io0B-rD2_x96.jpeg,Brent Baker,@BrentHBaker,https://twitter.com/BrentHBaker/status/918873450890121217,"Oct 13, 2017",Great to meet,,,,,,,3,12,59,@Nigel_Farage,https://twitter.com/Nigel_Farage,last night,@LibertyNation,https://twitter.com/libertynation,"event in DC. Spot on, entertaining,funny remarks",,,,,#LibertyNation,https://twitter.com/hashtag/LibertyNation?src=hashtag_click,,,https://pbs.twimg.com/media/DMB9rgZXkAA0PbE?format=jpg&name=900x900,,https://twitter.com/BrentHBaker/status/918873450890121217/photo/1
https://twitter.com/christinalamb,https://pbs.twimg.com/profile_images/1293660446059364357/2g-Peexb_x96.jpg,christinalamb,@christinalamb,https://twitter.com/christinalamb/status/917086492996104192,"Oct 8, 2017",tells,,,,,,,1,1,11,@Nigel_Farage,https://twitter.com/Nigel_Farage,stop whinging after she complains abt his sexist insulting of her to help Trump,@HillaryClinton,https://twitter.com/HillaryClinton,,,,,,,,,http://,,,
https://twitter.com/Harlan,https://pbs.twimg.com/profile_images/1345461064352325633/Yd4kdsTZ_x96.jpg,HARLAN Z. HILL,@Harlan,https://twitter.com/Harlan/status/906320939008368640,"Sep 9, 2017",How dare a journalist do their job!?!?,Quote Tweet,https://pbs.twimg.com/profile_images/907330975587336193/tw7JPE5v_normal.jpg,The Hill,@thehill,·,"Sep 8, 2017",249,814,2K,,,,,,,,,,,,,,,https://pbs.twimg.com/media/DJNgvkLXgAAbqJP?format=jpg&name=small,https://twitter.com/thehill/status/906174323291025409/photo/1,
https://twitter.com/JamesRea,https://pbs.twimg.com/profile_images/1169175574172057600/8EmaYpZR_x96.jpg,James Rea,@JamesRea,https://twitter.com/JamesRea/status/903380590824755201,"Sep 1, 2017",New to Sunday mornings on,Quote Tweet,https://pbs.twimg.com/profile_images/1399694014195064833/lqqnlPtF_normal.png,LBC,@LBC,·,"Aug 31, 2017",5,10,44,@LBC,https://twitter.com/LBC,:,@Nigel_Farage,https://twitter.com/Nigel_Farage,,,,,,,,,,,,
https://twitter.com/susannareid100,https://pbs.twimg.com/profile_images/904248034934083585/g_GTzr0S_x96.jpg,Susanna Reid,@susannareid100,https://twitter.com/susannareid100/status/890188406214361088,"Jul 26, 2017",Praise from an unexpected source...,Quote Tweet,https://pbs.twimg.com/profile_images/1385256843304386565/zyNRZ-Nd_normal.jpg,Nigel Farage,@Nigel_Farage,·,"Jul 26, 2017",44,13,152,,,,,,twitter.com/piersmorgan/st,,,,,,,,@GMB,,,
https://twitter.com/yaf,https://pbs.twimg.com/profile_images/1321857481073713156/jdyNHFZX_x96.jpg,YAF,@yaf,https://twitter.com/yaf/status/882960335141048325,"Jul 6, 2017",Join,,,,,,,2,7,14,@Nigel_Farage,https://twitter.com/Nigel_Farage,",",@RCamposDuffy,https://twitter.com/RCamposDuffy,",",@DineshDSouza,https://twitter.com/DineshDSouza,",",,#YAFcon,https://twitter.com/hashtag/YAFcon?src=hashtag_click,https://twitter.com/kateobenshain,http://,https://pbs.twimg.com/media/DEDnvjeXoAAyJBD?format=png&name=medium,,https://twitter.com/yaf/status/882960335141048325/photo/1
https://twitter.com/GuidoFawkes,https://pbs.twimg.com/profile_images/1400800155310432264/x2ceNs7E_x96.jpg,Guido Fawkes,@GuidoFawkes,https://twitter.com/GuidoFawkes/status/881880332408164353,"Jul 3, 2017",Volunteer force,Replying to,,@tnewtondunn,,,,4,9,67,,,,,https://twitter.com/tnewtondunn,,,,,,,,,,,,https://twitter.com/GuidoFawkes/status/881880332408164353/photo/1
https://twitter.com/adamfleming,https://pbs.twimg.com/profile_images/1403104001042915331/QXKjP12Q_x96.jpg,Adam Fleming,@adamfleming,https://twitter.com/adamfleming/status/880512808034508801,"Jun 29, 2017",Basically we have started a sort of rap battle between,Quote Tweet,https://pbs.twimg.com/profile_images/1150756359497015298/xXj2IfkW_normal.png,BBC Politics,@BBCPolitics,·,"Jun 29, 2017",6,15,26,@eucopresident,https://twitter.com/eucopresident,and,@Nigel_Farage,https://twitter.com/Nigel_Farage,responds to,,,'s rendition of 'Imagine' with a Queen song. LISTEN:,blob:https://twitter.com/857f6e3e-ad94-426f-b781-45a156ade64e,#Brexitcast,https://twitter.com/hashtag/Brexitcast?src=hashtag_click,,#Brexitcast,https://pbs.twimg.com/ext_tw_video_thumb/880446546231296001/pu/img/IAVS6onS58Dwnbrd.jpg,,
https://twitter.com/Annakhait,https://pbs.twimg.com/profile_images/1366804001128407042/HEbXgsWG_x96.jpg,Anna Khait,@Annakhait,https://twitter.com/Annakhait/status/876092031822704640,"Jun 17, 2017",Aww I will pray for him,Replying to,,@Nigel_Farage,and,@Bowel_Cancer_UK,,1,3,13,,https://twitter.com/Bowel_Cancer_UK,,,https://twitter.com/Nigel_Farage,,,,,,,,,,,,
https://twitter.com/JudgeJeanine,https://pbs.twimg.com/profile_images/850023968484368386/jBcIv7W1_x96.jpg,Jeanine Pirro,@JudgeJeanine,https://twitter.com/JudgeJeanine/status/863575604758593536,"May 14, 2017",Check out a clip from part 1 of my interview with The President,,https://pbs.twimg.com/amplify_video_thumb/863575329650036736/img/UTyHK12ALf8bJwWL.jpg,,,,,81,447,1.4K,@realDonaldTrump,https://twitter.com/realDonaldTrump,!,,,,,,,blob:https://twitter.com/01baf52f-724c-4b37-a7c4-488b617009e4,,,,,,,
https://twitter.com/DonaldJTrumpJr,https://pbs.twimg.com/profile_images/766652495858896897/LjrJJB9a_x96.jpg,Donald Trump Jr.,@DonaldJTrumpJr,https://twitter.com/DonaldJTrumpJr/status/855928941684457472,"Apr 23, 2017",Epic day on the water Flyfishing in,,,,,,,339,369,3.4K,@Stevedaines,https://twitter.com/SteveDaines,with my friends Senator,@GregforMontana,https://twitter.com/GregForMontana,.,#catchandrelease,https://twitter.com/hashtag/catchandrelease?src=hashtag_click,,,#Montana,https://twitter.com/hashtag/Montana?src=hashtag_click,https://twitter.com/hashtag/flyfishing?src=hashtag_click,,https://pbs.twimg.com/media/C-Dezj4UAAEj6Bs?format=jpg&name=medium,https://twitter.com/hashtag/fishing?src=hashtag_click,https://twitter.com/DonaldJTrumpJr/status/855928941684457472/photo/1
https://twitter.com/louelli,https://pbs.twimg.com/profile_images/1403692537253183494/GEAXrLCH_x96.jpg,Louise Elliott,@louelli,https://twitter.com/louelli/status/834733224165261316,"Feb 23, 2017",I've waited a long time to watch this,Quote Tweet,https://pbs.twimg.com/profile_images/1377917571069063169/yaOlvfak_normal.jpg,Piers Morgan,@piersmorgan,·,"Feb 23, 2017",6,19,113,@piersmorgan,https://twitter.com/piersmorgan,,@Nigel_Farage,https://twitter.com/Nigel_Farage,"ITV, 9pm.",,,,,,,,@Nigel_Farage,https://pbs.twimg.com/media/C5WB22vWEAAS-Dh?format=jpg&name=360x360,https://twitter.com/piersmorgan/status/834716693364621314/photo/1,
https://twitter.com/LBC,https://pbs.twimg.com/profile_images/1399694014195064833/lqqnlPtF_x96.png,LBC,@LBC,https://twitter.com/LBC/status/826146938995298305,"Jan 30, 2017","""Looney left is creating a storm in a teacup"": Strong words from",,,,,,,26,65,164,@Nigel_Farage,https://twitter.com/Nigel_Farage,,,,,,,,,#FarageOnLBC,https://twitter.com/hashtag/FarageOnLBC?src=hashtag_click,,http://,,,
https://twitter.com/LordAshcroft,https://pbs.twimg.com/profile_images/1193578499791044608/KhvkC2t1_x96.jpg,Lord Ashcroft,@LordAshcroft,https://twitter.com/LordAshcroft/status/822125481646555137,"Jan 19, 2017",Hanging with Bad Boys of Brexit,,,,,,,47,158,444,@Nigel_Farage,https://twitter.com/Nigel_Farage,with Governor of Mississippi,@Arron_banks,https://twitter.com/Arron_banks,,@andywigmore,https://twitter.com/andywigmore,,,,,https://twitter.com/PhilBryantMS,,https://pbs.twimg.com/media/C2jGxH5WQAEr93Z?format=jpg&name=900x900,,https://twitter.com/LordAshcroft/status/822125481646555137/photo/1
https://twitter.com/MitchellCMM,https://pbs.twimg.com/profile_images/1403396158014251009/9XpwMcgX_x96.jpg,Christian Mitchell,@MitchellCMM,https://twitter.com/MitchellCMM/status/818909216907919361,"Jan 10, 2017",Live from,,https://pbs.twimg.com/media/C11Zjj7XAAE-5ZZ?format=jpg&name=small,,,,,15,59,176,@Nigel_Farage,https://twitter.com/Nigel_Farage,for the,@LBC,https://twitter.com/LBC,show on,,,,,#Brussels,https://twitter.com/hashtag/Brussels?src=hashtag_click,https://twitter.com/hashtag/FarageonLBC?src=hashtag_click,,https://pbs.twimg.com/media/C11ZjkRWEAQ-Az0?format=jpg&name=900x900,,https://twitter.com/MitchellCMM/status/818909216907919361/photo/2
https://twitter.com/Joancollinsdbe,https://pbs.twimg.com/profile_images/825417742371127296/OQmFYg7X_x96.jpg,Joan Collins,@Joancollinsdbe,https://twitter.com/Joancollinsdbe/status/702563424450928640,"Feb 24, 2016",Brexit,,,,,,,94,618,949,,,,,,,,,,,,,,,,,
https://twitter.com/oflynnsocial,https://pbs.twimg.com/profile_images/1149385684/patrick_oflynn_x96.jpg,Patrick O'Flynn,@oflynnsocial,https://twitter.com/oflynnsocial/status/691950634665394176,"Jan 26, 2016",A big well done to Peter Bone MP and others on the setting up of Grassroots Out,,,,,lcomes-formation-of-grassroots-out.html,…,9,82,94,,,,,,,,,,,,,,http://,,,
https://twitter.com/JoelAnandUSA,https://pbs.twimg.com/profile_images/1072518747968159746/Bwq3yfkY_x96.jpg,Joel Anand Samy,@JoelAnandUSA,https://twitter.com/JoelAnandUSA/status/633639806598180864,"Aug 18, 2015","ADDE, IDDE and",,,,,,,1,14,17,@iLeadersSummit,https://twitter.com/iLeadersSummit,"co-hosted event on Capitol Hill, Washington, DC, with",@Nigel_Farage,https://twitter.com/Nigel_Farage,and US Senators.,,,,,,,,,https://pbs.twimg.com/media/CMskC2NUAAA3ilH?format=jpg&name=medium,,https://twitter.com/JoelAnandUSA/status/633639806598180864/photo/1
https://twitter.com/ClarkeMicah,https://pbs.twimg.com/profile_images/1246518671637450755/Qd6IgHQs_x96.jpg,Peter Hitchens,@ClarkeMicah,https://twitter.com/ClarkeMicah/status/585327664250126336,"Apr 7, 2015",There's nothing smart about pretending to be against the EU and supporting a party that is in love with the EU.,Replying to,,@DanielJHannan,,,,29,196,157,@DanHannanMEP,https://twitter.com/DanHannanMEP,,,https://twitter.com/DanielJHannan,,,,,,,,,,,,
https://twitter.com/RebeccaKeating,https://pbs.twimg.com/profile_images/1764406942/profilepic_x96.jpg,Rebecca Keating,@RebeccaKeating,https://twitter.com/RebeccaKeating/status/583528436125278208,"Apr 2, 2015",.,Quote Tweet,https://pbs.twimg.com/profile_images/1385256843304386565/zyNRZ-Nd_normal.jpg,Nigel Farage,@Nigel_Farage,·,"Apr 2, 2015",7,19,25,@Nigel_Farage,https://twitter.com/Nigel_Farage,appears to be live tweeting his own,,,interview:,,,,,#r4Today,https://twitter.com/hashtag/r4Today?src=hashtag_click,,#r4today,,,
https://twitter.com/RohitKachrooITV,https://pbs.twimg.com/profile_images/822734417441517568/ZWNqqQjd_x96.jpg,Rohit Kachroo,@RohitKachrooITV,https://twitter.com/RohitKachrooITV/status/582851935096729600,"Mar 31, 2015",Farage wipes his eye. Blames the breeze. Denies he's crying - overcome by emotion of the cliffs of Dover,,,,,,,6,6,16,,,,,,,,,,,,,,,,,
https://twitter.com/TraceyMorris6,https://pbs.twimg.com/profile_images/1367560203512786947/VCipgbDi_x96.jpg,Tracey Morris,@TraceyMorris6,https://twitter.com/TraceyMorris6/status/582432007352881152,"Mar 30, 2015",I think Farage speaks sense and he always manages to hold his own and justify his policies. Gets my vote hands down!,,,,,,,12,14,86,,,,,,,,,,,#voteFarage,https://twitter.com/hashtag/voteFarage?src=hashtag_click,,,,,
https://twitter.com/PaulOnPolitics,https://pbs.twimg.com/profile_images/715473840084635648/tPLBAYdn_x96.jpg,Paul Francis,@PaulOnPolitics,https://twitter.com/PaulOnPolitics/status/582096510365667328,"Mar 29, 2015",What has Margate done to deserve,,,,,,,2,5,12,@Nigel_Farage,https://twitter.com/Nigel_Farage,asks,@camillalong,https://twitter.com/camillalong,? Nothing - he's not standing there,,,Thanet,,#South,https://twitter.com/hashtag/South?src=hashtag_click,https://twitter.com/hashtag/ukip?src=hashtag_click,,,,
https://twitter.com/SaveManston,https://pbs.twimg.com/profile_images/618472739033227265/Nd4AbKHo_x96.png,Supporters of Manston Airport,@SaveManston,https://twitter.com/SaveManston/status/576828070742601728,"Mar 14, 2015",@petercmargate @SarahSnaw,,,,,,,6,10,,@FionaBroadstair,https://twitter.com/FionaBroadstair,Manston a national issue - not local,@StopFarage,https://twitter.com/StopFarage,,@MichaelAbberton,https://twitter.com/MichaelAbberton,,,,,https://twitter.com/Nigel_Farage,,,,
https://twitter.com/DanFerris1996,https://pbs.twimg.com/profile_images/891088081239068672/IloibENK_x96.jpg,Ferris,@DanFerris1996,https://twitter.com/DanFerris1996/status/573948131173400577,"Mar 6, 2015",Still can't believe I saw,,,,,,,2,5,18,@Nigel_Farage,https://twitter.com/Nigel_Farage,"in Gulval today! It's good to see politicians visiting us down here, glad we aren't forgotten about!",,,,,,,,,,,,,,